,site_a,site_b,site_b
1/1/1990 0:00,0,0,0
1/1/1990 1:00,0,0,0
1/1/1990 2:00,0,0,0
1/1/1990 3:00,0,0,0
1/1/1990 4:00,0,0,0
1/1/1990 5:00,0,0,0
1/1/1990 6:00,0,0,0
1/1/1990 7:00,46.824,119.23,110.57
1/1/1990 8:00,121.5,317.02,303.53
1/1/1990 9:00,265.21,526.54,508.95
1/1/1990 10:00,254.77,704.63,684.73
1/1/1990 11:00,281.24,779.82,761.17
1/1/1990 12:00,276.74,739.09,724.01
1/1/1990 13:00,225.18,677.99,665.18
1/1/1990 14:00,146.01,556.35,546.49
1/1/1990 15:00,47.301,403.23,395.79
1/1/1990 16:00,23.103,207.63,203.86
1/1/1990 17:00,18.144,18.501,18.493
1/1/1990 18:00,0,0,0
1/1/1990 19:00,0,0,0
1/1/1990 20:00,0,0,0
1/1/1990 21:00,0,0,0
1/1/1990 22:00,0,0,0
1/1/1990 23:00,0,0,0
2/1/1990 0:00,0,0,0
2/1/1990 1:00,0,0,0
2/1/1990 2:00,0,0,0
2/1/1990 3:00,0,0,0
2/1/1990 4:00,0,0,0
2/1/1990 5:00,0,0,0
2/1/1990 6:00,0,0,0
2/1/1990 7:00,122.32,86.036,83.234
2/1/1990 8:00,354.75,269.37,262.6
2/1/1990 9:00,366.64,427.89,417.44
2/1/1990 10:00,435.04,504.93,496.69
2/1/1990 11:00,462.94,626.09,614.72
2/1/1990 12:00,294.97,574.57,566.81
2/1/1990 13:00,395.25,362.09,359.97
2/1/1990 14:00,379.79,307.03,306.27
2/1/1990 15:00,326.94,319.61,316.23
2/1/1990 16:00,251.54,170.79,168.78
2/1/1990 17:00,84.585,0,0
2/1/1990 18:00,0,0,0
2/1/1990 19:00,0,0,0
2/1/1990 20:00,0,0,0
2/1/1990 21:00,0,0,0
2/1/1990 22:00,0,0,0
2/1/1990 23:00,0,0,0
3/1/1990 0:00,0,0,0
3/1/1990 1:00,0,0,0
3/1/1990 2:00,0,0,0
3/1/1990 3:00,0,0,0
3/1/1990 4:00,0,0,0
3/1/1990 5:00,0,0,0
3/1/1990 6:00,0,0,0
3/1/1990 7:00,126.31,134.96,123.2
3/1/1990 8:00,357.13,351.45,334.1
3/1/1990 9:00,577.64,562.78,542.54
3/1/1990 10:00,750.88,720.2,699.43
3/1/1990 11:00,855.87,812.96,792.87
3/1/1990 12:00,878.91,839.23,820.32
3/1/1990 13:00,830.6,792.67,775.72
3/1/1990 14:00,707.81,676.69,662.24
3/1/1990 15:00,523.55,500.26,488.77
3/1/1990 16:00,296.49,284.08,277.57
3/1/1990 17:00,85.501,28.259,28.321
3/1/1990 18:00,0,0,0
3/1/1990 19:00,0,0,0
3/1/1990 20:00,0,0,0
3/1/1990 21:00,0,0,0
3/1/1990 22:00,0,0,0
3/1/1990 23:00,0,0,0
4/1/1990 0:00,0,0,0
4/1/1990 1:00,0,0,0
4/1/1990 2:00,0,0,0
4/1/1990 3:00,0,0,0
4/1/1990 4:00,0,0,0
4/1/1990 5:00,0,0,0
4/1/1990 6:00,0,0,0
4/1/1990 7:00,106.88,138.24,125.71
4/1/1990 8:00,301.58,364.99,346.42
4/1/1990 9:00,526.32,582.4,561.39
4/1/1990 10:00,685.66,748.33,726.64
4/1/1990 11:00,707.15,846.89,825.95
4/1/1990 12:00,769.84,870.35,850.89
4/1/1990 13:00,679.77,815.09,797.92
4/1/1990 14:00,589.34,688.71,674.34
4/1/1990 15:00,432.44,504.19,492.66
4/1/1990 16:00,241.06,278.98,272.7
4/1/1990 17:00,78.943,26.169,26.24
4/1/1990 18:00,0,0,0
4/1/1990 19:00,0,0,0
4/1/1990 20:00,0,0,0
4/1/1990 21:00,0,0,0
4/1/1990 22:00,0,0,0
4/1/1990 23:00,0,0,0
5/1/1990 0:00,0,0,0
5/1/1990 1:00,0,0,0
5/1/1990 2:00,0,0,0
5/1/1990 3:00,0,0,0
5/1/1990 4:00,0,0,0
5/1/1990 5:00,0,0,0
5/1/1990 6:00,0,0,0
5/1/1990 7:00,53.296,66.707,66.327
5/1/1990 8:00,162.51,184,182.67
5/1/1990 9:00,360.11,320.88,316.89
5/1/1990 10:00,477.64,402.01,397.78
5/1/1990 11:00,790.18,505.84,499.17
5/1/1990 12:00,788.64,516.27,510.24
5/1/1990 13:00,822.99,508.32,502.65
5/1/1990 14:00,516.23,438.19,433.54
5/1/1990 15:00,157.83,300.62,298.37
5/1/1990 16:00,146.45,144.95,144.1
5/1/1990 17:00,42.156,19.801,19.874
5/1/1990 18:00,0,0,0
5/1/1990 19:00,0,0,0
5/1/1990 20:00,0,0,0
5/1/1990 21:00,0,0,0
5/1/1990 22:00,0,0,0
5/1/1990 23:00,0,0,0
6/1/1990 0:00,0,0,0
6/1/1990 1:00,0,0,0
6/1/1990 2:00,0,0,0
6/1/1990 3:00,0,0,0
6/1/1990 4:00,0,0,0
6/1/1990 5:00,0,0,0
6/1/1990 6:00,0,0,0
6/1/1990 7:00,76.273,115.84,107.14
6/1/1990 8:00,164.98,315.62,302
6/1/1990 9:00,253.07,529.23,511.28
6/1/1990 10:00,305.76,682.91,664.05
6/1/1990 11:00,389.68,790.08,770.93
6/1/1990 12:00,398.03,812.5,794.76
6/1/1990 13:00,382.96,774.3,758.27
6/1/1990 14:00,167.68,630.64,617.96
6/1/1990 15:00,60.297,450.35,441.41
6/1/1990 16:00,23.7,250.99,246.11
6/1/1990 17:00,12.878,29.262,29.21
6/1/1990 18:00,0,0,0
6/1/1990 19:00,0,0,0
6/1/1990 20:00,0,0,0
6/1/1990 21:00,0,0,0
6/1/1990 22:00,0,0,0
6/1/1990 23:00,0,0,0
7/1/1990 0:00,0,0,0
7/1/1990 1:00,0,0,0
7/1/1990 2:00,0,0,0
7/1/1990 3:00,0,0,0
7/1/1990 4:00,0,0,0
7/1/1990 5:00,0,0,0
7/1/1990 6:00,0,0,0
7/1/1990 7:00,94.961,119.51,110.11
7/1/1990 8:00,286.71,330.16,314.92
7/1/1990 9:00,470.56,520.63,503.01
7/1/1990 10:00,632.19,634.61,618.49
7/1/1990 11:00,716.84,730.77,714.42
7/1/1990 12:00,765.6,788.79,772.36
7/1/1990 13:00,739.95,739.65,724.6
7/1/1990 14:00,625.18,651.58,638.46
7/1/1990 15:00,474.92,490.68,479.94
7/1/1990 16:00,281.04,286.59,280.41
7/1/1990 17:00,84.648,34.546,34.456
7/1/1990 18:00,0,0,0
7/1/1990 19:00,0,0,0
7/1/1990 20:00,0,0,0
7/1/1990 21:00,0,0,0
7/1/1990 22:00,0,0,0
7/1/1990 23:00,0,0,0
8/1/1990 0:00,0,0,0
8/1/1990 1:00,0,0,0
8/1/1990 2:00,0,0,0
8/1/1990 3:00,0,0,0
8/1/1990 4:00,0,0,0
8/1/1990 5:00,0,0,0
8/1/1990 6:00,0,0,0
8/1/1990 7:00,70.818,138.33,125.62
8/1/1990 8:00,173.22,381.49,363.48
8/1/1990 9:00,49.788,407.51,398.31
8/1/1990 10:00,410.16,483.76,476.36
8/1/1990 11:00,304.06,517.62,510.7
8/1/1990 12:00,338.99,356.52,355.41
8/1/1990 13:00,260.32,447.59,443.97
8/1/1990 14:00,483.91,422.22,417.93
8/1/1990 15:00,487.1,354.38,350.36
8/1/1990 16:00,338.23,262.03,256.74
8/1/1990 17:00,97.202,41.278,41.038
8/1/1990 18:00,0,0,0
8/1/1990 19:00,0,0,0
8/1/1990 20:00,0,0,0
8/1/1990 21:00,0,0,0
8/1/1990 22:00,0,0,0
8/1/1990 23:00,0,0,0
9/1/1990 0:00,0,0,0
9/1/1990 1:00,0,0,0
9/1/1990 2:00,0,0,0
9/1/1990 3:00,0,0,0
9/1/1990 4:00,0,0,0
9/1/1990 5:00,0,0,0
9/1/1990 6:00,0,0,0
9/1/1990 7:00,9.9003,88.721,85.795
9/1/1990 8:00,64.259,240.31,235.05
9/1/1990 9:00,221.98,397.44,389.74
9/1/1990 10:00,357.85,514.23,505.89
9/1/1990 11:00,231.07,617.71,607.13
9/1/1990 12:00,274.96,634.13,624.08
9/1/1990 13:00,179.93,610,601.13
9/1/1990 14:00,491.99,495.42,489.72
9/1/1990 15:00,521.74,337.16,334.32
9/1/1990 16:00,226.37,200.36,198.07
9/1/1990 17:00,64.964,56.661,55.605
9/1/1990 18:00,0,0,0
9/1/1990 19:00,0,0,0
9/1/1990 20:00,0,0,0
9/1/1990 21:00,0,0,0
9/1/1990 22:00,0,0,0
9/1/1990 23:00,0,0,0
10/1/1990 0:00,0,0,0
10/1/1990 1:00,0,0,0
10/1/1990 2:00,0,0,0
10/1/1990 3:00,0,0,0
10/1/1990 4:00,0,0,0
10/1/1990 5:00,0,0,0
10/1/1990 6:00,0,0,0
10/1/1990 7:00,8.9981,124.86,114.21
10/1/1990 8:00,59.686,318.68,304.99
10/1/1990 9:00,169.19,517.08,500.41
10/1/1990 10:00,288.93,610.82,596.74
10/1/1990 11:00,311.02,670.14,657.66
10/1/1990 12:00,603.18,713.82,700.34
10/1/1990 13:00,562.93,717.86,704.64
10/1/1990 14:00,237.61,557.62,549.46
10/1/1990 15:00,283.93,354.87,351.05
10/1/1990 16:00,241.21,196.05,193.72
10/1/1990 17:00,8.0221,34.545,34.373
10/1/1990 18:00,0,0,0
10/1/1990 19:00,0,0,0
10/1/1990 20:00,0,0,0
10/1/1990 21:00,0,0,0
10/1/1990 22:00,0,0,0
10/1/1990 23:00,0,0,0
11/1/1990 0:00,0,0,0
11/1/1990 1:00,0,0,0
11/1/1990 2:00,0,0,0
11/1/1990 3:00,0,0,0
11/1/1990 4:00,0,0,0
11/1/1990 5:00,0,0,0
11/1/1990 6:00,0,0,0
11/1/1990 7:00,104.76,123.4,113.71
11/1/1990 8:00,305.53,339.71,323.69
11/1/1990 9:00,506.61,548.37,529.27
11/1/1990 10:00,684.15,698.45,679.11
11/1/1990 11:00,798.03,775.22,757.23
11/1/1990 12:00,812.39,791.25,774.42
11/1/1990 13:00,774.07,763.14,748.05
11/1/1990 14:00,662.29,655.91,643.06
11/1/1990 15:00,505.38,481.62,471.71
11/1/1990 16:00,300.57,269.7,263.57
11/1/1990 17:00,97.948,73.993,71.415
11/1/1990 18:00,0,0,0
11/1/1990 19:00,0,0,0
11/1/1990 20:00,0,0,0
11/1/1990 21:00,0,0,0
11/1/1990 22:00,0,0,0
11/1/1990 23:00,0,0,0
12/1/1990 0:00,0,0,0
12/1/1990 1:00,0,0,0
12/1/1990 2:00,0,0,0
12/1/1990 3:00,0,0,0
12/1/1990 4:00,0,0,0
12/1/1990 5:00,0,0,0
12/1/1990 6:00,0,0,0
12/1/1990 7:00,93.295,124.17,113.75
12/1/1990 8:00,252.26,339.31,323.37
12/1/1990 9:00,427.47,551.28,532.14
12/1/1990 10:00,644.16,716.84,696.99
12/1/1990 11:00,654.8,821.75,802.1
12/1/1990 12:00,686.99,851.52,833.11
12/1/1990 13:00,650.64,806.88,790.49
12/1/1990 14:00,605.22,679.92,666.35
12/1/1990 15:00,431.49,498.65,488.38
12/1/1990 16:00,254.9,283.86,277.17
12/1/1990 17:00,85.939,83.12,79.778
12/1/1990 18:00,0,0,0
12/1/1990 19:00,0,0,0
12/1/1990 20:00,0,0,0
12/1/1990 21:00,0,0,0
12/1/1990 22:00,0,0,0
12/1/1990 23:00,0,0,0
13/01/90 00:00,0,0,0
13/01/90 01:00,0,0,0
13/01/90 02:00,0,0,0
13/01/90 03:00,0,0,0
13/01/90 04:00,0,0,0
13/01/90 05:00,0,0,0
13/01/90 06:00,0,0,0
13/01/90 07:00,76.838,102.36,95.516
13/01/90 08:00,248.47,294.17,282.68
13/01/90 09:00,424.55,476.43,462.75
13/01/90 10:00,610.2,637.32,621.61
13/01/90 11:00,725.12,719.39,703.73
13/01/90 12:00,788.07,766.25,750.79
13/01/90 13:00,736.72,738.09,723.81
13/01/90 14:00,666.7,619.22,608.29
13/01/90 15:00,513.53,466.3,457.9
13/01/90 16:00,310.29,271,265.2
13/01/90 17:00,99.221,78.305,75.581
13/01/90 18:00,0,0,0
13/01/90 19:00,0,0,0
13/01/90 20:00,0,0,0
13/01/90 21:00,0,0,0
13/01/90 22:00,0,0,0
13/01/90 23:00,0,0,0
14/01/90 00:00,0,0,0
14/01/90 01:00,0,0,0
14/01/90 02:00,0,0,0
14/01/90 03:00,0,0,0
14/01/90 04:00,0,0,0
14/01/90 05:00,0,0,0
14/01/90 06:00,0,0,0
14/01/90 07:00,23.378,80.141,77.566
14/01/90 08:00,146.64,183.09,181.8
14/01/90 09:00,273.24,281.03,278.38
14/01/90 10:00,600.51,377.36,374.07
14/01/90 11:00,400.4,308.53,307.81
14/01/90 12:00,841.86,213.81,213.72
14/01/90 13:00,871.08,385.68,383.33
14/01/90 14:00,300.44,412.4,409.27
14/01/90 15:00,363.87,218.07,217.67
14/01/90 16:00,241.33,77.755,77.851
14/01/90 17:00,100.17,15.227,15.295
14/01/90 18:00,0,0,0
14/01/90 19:00,0,0,0
14/01/90 20:00,0,0,0
14/01/90 21:00,0,0,0
14/01/90 22:00,0,0,0
14/01/90 23:00,0,0,0
15/01/90 00:00,0,0,0
15/01/90 01:00,0,0,0
15/01/90 02:00,0,0,0
15/01/90 03:00,0,0,0
15/01/90 04:00,0,0,0
15/01/90 05:00,0,0,0
15/01/90 06:00,0,0,0
15/01/90 07:00,101.45,74.693,73.197
15/01/90 08:00,310.74,171.58,169.69
15/01/90 09:00,627.85,51.265,51.415
15/01/90 10:00,654.47,387.73,384.01
15/01/90 11:00,666.78,286.1,285.46
15/01/90 12:00,613.98,317.72,317.01
15/01/90 13:00,564.82,244.5,244.28
15/01/90 14:00,486.6,451.21,446.61
15/01/90 15:00,256.57,452.13,445.63
15/01/90 16:00,76.973,340.8,332.94
15/01/90 17:00,35.397,88.408,85.66
15/01/90 18:00,0,0,0
15/01/90 19:00,0,0,0
15/01/90 20:00,0,0,0
15/01/90 21:00,0,0,0
15/01/90 22:00,0,0,0
15/01/90 23:00,0,0,0
16/01/90 00:00,0,0,0
16/01/90 01:00,0,0,0
16/01/90 02:00,0,0,0
16/01/90 03:00,0,0,0
16/01/90 04:00,0,0,0
16/01/90 05:00,0,0,0
16/01/90 06:00,0,0,0
16/01/90 07:00,109.68,21.001,21.147
16/01/90 08:00,329.55,81.738,81.848
16/01/90 09:00,546.98,211.08,210.56
16/01/90 10:00,727.24,317.61,316.42
16/01/90 11:00,829.37,239.52,239.35
16/01/90 12:00,856.76,273.23,272.97
16/01/90 13:00,817.3,205.53,205.5
16/01/90 14:00,706.74,405.71,402.63
16/01/90 15:00,539.34,404.81,399.45
16/01/90 16:00,325.79,181.78,180.38
16/01/90 17:00,106.9,51.746,51.463
16/01/90 18:00,0,0,0
16/01/90 19:00,0,0,0
16/01/90 20:00,0,0,0
16/01/90 21:00,0,0,0
16/01/90 22:00,0,0,0
16/01/90 23:00,0,0,0
17/01/90 00:00,0,0,0
17/01/90 01:00,0,0,0
17/01/90 02:00,0,0,0
17/01/90 03:00,0,0,0
17/01/90 04:00,0,0,0
17/01/90 05:00,0,0,0
17/01/90 06:00,0,0,0
17/01/90 07:00,104.21,124.26,113.69
17/01/90 08:00,267.13,345.94,329.52
17/01/90 09:00,417.54,558.34,539.37
17/01/90 10:00,559.48,717.54,697.88
17/01/90 11:00,805.74,819.01,799.77
17/01/90 12:00,469.84,838.39,820.87
17/01/90 13:00,633.99,792.3,776.94
17/01/90 14:00,634.63,678.48,665.71
17/01/90 15:00,205.05,501.33,491.64
17/01/90 16:00,77.467,297.94,291.22
17/01/90 17:00,34.697,92.15,88.887
17/01/90 18:00,0,0,0
17/01/90 19:00,0,0,0
17/01/90 20:00,0,0,0
17/01/90 21:00,0,0,0
17/01/90 22:00,0,0,0
17/01/90 23:00,0,0,0
18/01/90 00:00,0,0,0
18/01/90 01:00,0,0,0
18/01/90 02:00,0,0,0
18/01/90 03:00,0,0,0
18/01/90 04:00,0,0,0
18/01/90 05:00,0,0,0
18/01/90 06:00,0,0,0
18/01/90 07:00,103.45,122.37,112.17
18/01/90 08:00,312.33,340.49,324.84
18/01/90 09:00,529.65,552.05,533.44
18/01/90 10:00,696.65,714.88,695.51
18/01/90 11:00,808.55,812.06,793.31
18/01/90 12:00,854.73,854.21,836.27
18/01/90 13:00,829.93,814.28,798.72
18/01/90 14:00,716.57,717.62,704.13
18/01/90 15:00,543.14,531.75,521.26
18/01/90 16:00,326.34,320.37,313.04
18/01/90 17:00,113.48,99.027,95.368
18/01/90 18:00,0,0,0
18/01/90 19:00,0,0,0
18/01/90 20:00,0,0,0
18/01/90 21:00,0,0,0
18/01/90 22:00,0,0,0
18/01/90 23:00,0,0,0
19/01/90 00:00,0,0,0
19/01/90 01:00,0,0,0
19/01/90 02:00,0,0,0
19/01/90 03:00,0,0,0
19/01/90 04:00,0,0,0
19/01/90 05:00,0,0,0
19/01/90 06:00,0,0,0
19/01/90 07:00,101.51,121.26,111.39
19/01/90 08:00,305.2,320.5,306.85
19/01/90 09:00,522.97,498.5,484.19
19/01/90 10:00,696.94,641.83,626.71
19/01/90 11:00,803.97,762.81,746.43
19/01/90 12:00,827.01,731.73,718.55
19/01/90 13:00,794.4,679.33,668.14
19/01/90 14:00,702.99,584.7,576.39
19/01/90 15:00,550.76,453.96,446.62
19/01/90 16:00,334.14,280.25,274.99
19/01/90 17:00,114.3,93.711,91.128
19/01/90 18:00,0,0,0
19/01/90 19:00,0,0,0
19/01/90 20:00,0,0,0
19/01/90 21:00,0,0,0
19/01/90 22:00,0,0,0
19/01/90 23:00,0,0,0
20/01/90 00:00,0,0,0
20/01/90 01:00,0,0,0
20/01/90 02:00,0,0,0
20/01/90 03:00,0,0,0
20/01/90 04:00,0,0,0
20/01/90 05:00,0,0,0
20/01/90 06:00,0,0,0
20/01/90 07:00,93.261,33.439,33.557
20/01/90 08:00,297.02,69.574,69.72
20/01/90 09:00,501.76,127.86,127.95
20/01/90 10:00,608.82,173.41,173.42
20/01/90 11:00,735.99,230.14,229.94
20/01/90 12:00,789.71,225.37,225.32
20/01/90 13:00,785.16,196.05,196.1
20/01/90 14:00,652.12,163.83,163.95
20/01/90 15:00,489.32,127.56,127.58
20/01/90 16:00,286.48,76.751,76.772
20/01/90 17:00,91.381,25.673,25.744
20/01/90 18:00,0,0,0
20/01/90 19:00,0,0,0
20/01/90 20:00,0,0,0
20/01/90 21:00,0,0,0
20/01/90 22:00,0,0,0
20/01/90 23:00,0,0,0
21/01/90 00:00,0,0,0
21/01/90 01:00,0,0,0
21/01/90 02:00,0,0,0
21/01/90 03:00,0,0,0
21/01/90 04:00,0,0,0
21/01/90 05:00,0,0,0
21/01/90 06:00,0,0,0
21/01/90 07:00,73.008,39.116,39.194
21/01/90 08:00,243.93,107.73,107.71
21/01/90 09:00,393.67,220.85,220.19
21/01/90 10:00,600.69,291.66,290.91
21/01/90 11:00,742.68,464.5,460.32
21/01/90 12:00,778.3,535.08,529.15
21/01/90 13:00,787.14,583.77,577
21/01/90 14:00,656.31,468.19,463.78
21/01/90 15:00,479.96,417.61,412.18
21/01/90 16:00,320.27,272.7,268.47
21/01/90 17:00,111.92,100.92,98.215
21/01/90 18:00,0,0,0
21/01/90 19:00,0,0,0
21/01/90 20:00,0,0,0
21/01/90 21:00,0,0,0
21/01/90 22:00,0,0,0
21/01/90 23:00,0,0,0
22/01/90 00:00,0,0,0
22/01/90 01:00,0,0,0
22/01/90 02:00,0,0,0
22/01/90 03:00,0,0,0
22/01/90 04:00,0,0,0
22/01/90 05:00,0,0,0
22/01/90 06:00,0,0,0
22/01/90 07:00,42.164,28.453,28.607
22/01/90 08:00,142.53,115.51,115.43
22/01/90 09:00,268.6,204.01,203.53
22/01/90 10:00,364.43,228.24,227.97
22/01/90 11:00,336.71,261.55,261.31
22/01/90 12:00,318.46,231.95,231.88
22/01/90 13:00,291.66,240.92,240.84
22/01/90 14:00,303.07,174.81,174.79
22/01/90 15:00,208.04,140.91,141.02
22/01/90 16:00,81.136,65.097,65.224
22/01/90 17:00,9.2152,15.326,15.387
22/01/90 18:00,0,0,0
22/01/90 19:00,0,0,0
22/01/90 20:00,0,0,0
22/01/90 21:00,0,0,0
22/01/90 22:00,0,0,0
22/01/90 23:00,0,0,0
23/01/90 00:00,0,0,0
23/01/90 01:00,0,0,0
23/01/90 02:00,0,0,0
23/01/90 03:00,0,0,0
23/01/90 04:00,0,0,0
23/01/90 05:00,0,0,0
23/01/90 06:00,0,0,0
23/01/90 07:00,104.55,122.93,116.17
23/01/90 08:00,319.11,133.34,133.13
23/01/90 09:00,532.19,182.57,182.35
23/01/90 10:00,707.87,503.25,495.76
23/01/90 11:00,826.32,380.29,377.75
23/01/90 12:00,872.85,400.79,398.32
23/01/90 13:00,843.13,691.75,682.03
23/01/90 14:00,743.15,778.73,765.31
23/01/90 15:00,575.08,444.28,438.84
23/01/90 16:00,361.29,326.21,320.22
23/01/90 17:00,131.59,96.379,93.616
23/01/90 18:00,0,0,0
23/01/90 19:00,0,0,0
23/01/90 20:00,0,0,0
23/01/90 21:00,0,0,0
23/01/90 22:00,0,0,0
23/01/90 23:00,0,0,0
24/01/90 00:00,0,0,0
24/01/90 01:00,0,0,0
24/01/90 02:00,0,0,0
24/01/90 03:00,0,0,0
24/01/90 04:00,0,0,0
24/01/90 05:00,0,0,0
24/01/90 06:00,0,0,0
24/01/90 07:00,114.22,124.95,114.65
24/01/90 08:00,343.96,348.15,332.33
24/01/90 09:00,575.57,565.82,547.41
24/01/90 10:00,756.1,735.82,716.63
24/01/90 11:00,869.29,847.5,828.57
24/01/90 12:00,906.82,873.7,856.47
24/01/90 13:00,870.3,842.23,826.65
24/01/90 14:00,757.06,730.49,717.42
24/01/90 15:00,575.04,544.79,534.96
24/01/90 16:00,352.17,328.27,321.53
24/01/90 17:00,122.49,108.46,105.11
24/01/90 18:00,0,0,0
24/01/90 19:00,0,0,0
24/01/90 20:00,0,0,0
24/01/90 21:00,0,0,0
24/01/90 22:00,0,0,0
24/01/90 23:00,0,0,0
25/01/90 00:00,0,0,0
25/01/90 01:00,0,0,0
25/01/90 02:00,0,0,0
25/01/90 03:00,0,0,0
25/01/90 04:00,0,0,0
25/01/90 05:00,0,0,0
25/01/90 06:00,0,0,0
25/01/90 07:00,108.73,107.73,100.79
25/01/90 08:00,334.29,304.45,292.9
25/01/90 09:00,562.76,504,489.71
25/01/90 10:00,744.25,675.95,659.56
25/01/90 11:00,858.7,774.84,758.47
25/01/90 12:00,894.34,816.52,801
25/01/90 13:00,863.07,794.04,780.19
25/01/90 14:00,761.03,679.37,668.09
25/01/90 15:00,582.87,509.58,501.4
25/01/90 16:00,359.17,315.48,309.46
25/01/90 17:00,128.23,105.86,102.84
25/01/90 18:00,0,0,0
25/01/90 19:00,0,0,0
25/01/90 20:00,0,0,0
25/01/90 21:00,0,0,0
25/01/90 22:00,0,0,0
25/01/90 23:00,0,0,0
26/01/90 00:00,0,0,0
26/01/90 01:00,0,0,0
26/01/90 02:00,0,0,0
26/01/90 03:00,0,0,0
26/01/90 04:00,0,0,0
26/01/90 05:00,0,0,0
26/01/90 06:00,0,0,0
26/01/90 07:00,100.86,115.83,107.76
26/01/90 08:00,301.3,326.8,314
26/01/90 09:00,522.13,527.76,511.7
26/01/90 10:00,690.15,703.32,686.04
26/01/90 11:00,806.51,818.29,800.63
26/01/90 12:00,858.12,841.11,825.16
26/01/90 13:00,813.92,807.14,792.9
26/01/90 14:00,710.26,708.38,696.2
26/01/90 15:00,528.41,537.99,528.69
26/01/90 16:00,313.96,315.6,309.65
26/01/90 17:00,112.12,103.85,101.37
26/01/90 18:00,0,0,0
26/01/90 19:00,0,0,0
26/01/90 20:00,0,0,0
26/01/90 21:00,0,0,0
26/01/90 22:00,0,0,0
26/01/90 23:00,0,0,0
27/01/90 00:00,0,0,0
27/01/90 01:00,0,0,0
27/01/90 02:00,0,0,0
27/01/90 03:00,0,0,0
27/01/90 04:00,0,0,0
27/01/90 05:00,0,0,0
27/01/90 06:00,0,0,0
27/01/90 07:00,78.442,71.907,70.556
27/01/90 08:00,266.83,277.44,269.64
27/01/90 09:00,354.15,272.54,270.25
27/01/90 10:00,387.41,362.37,359.64
27/01/90 11:00,455.82,419.76,416.77
27/01/90 12:00,650.52,747.09,734.69
27/01/90 13:00,372.13,365.1,363.13
27/01/90 14:00,309.75,56.656,56.659
27/01/90 15:00,143.31,274.61,272.46
27/01/90 16:00,23.293,24.786,24.853
27/01/90 17:00,33.315,8.2541,8.2896
27/01/90 18:00,0,0,0
27/01/90 19:00,0,0,0
27/01/90 20:00,0,0,0
27/01/90 21:00,0,0,0
27/01/90 22:00,0,0,0
27/01/90 23:00,0,0,0
28/01/90 00:00,0,0,0
28/01/90 01:00,0,0,0
28/01/90 02:00,0,0,0
28/01/90 03:00,0,0,0
28/01/90 04:00,0,0,0
28/01/90 05:00,0,0,0
28/01/90 06:00,0,0,0
28/01/90 07:00,79.561,117.12,109.52
28/01/90 08:00,244.09,329.79,316.29
28/01/90 09:00,406.22,550.8,533.91
28/01/90 10:00,551.14,709.21,691.89
28/01/90 11:00,642.17,824.8,807.25
28/01/90 12:00,670.79,846.61,830.84
28/01/90 13:00,653.84,812.62,798.6
28/01/90 14:00,569,721.52,709.32
28/01/90 15:00,442.2,547.66,538.44
28/01/90 16:00,265.22,327.42,321.73
28/01/90 17:00,90.963,106.45,104.11
28/01/90 18:00,0,0,0
28/01/90 19:00,0,0,0
28/01/90 20:00,0,0,0
28/01/90 21:00,0,0,0
28/01/90 22:00,0,0,0
28/01/90 23:00,0,0,0
29/01/90 00:00,0,0,0
29/01/90 01:00,0,0,0
29/01/90 02:00,0,0,0
29/01/90 03:00,0,0,0
29/01/90 04:00,0,0,0
29/01/90 05:00,0,0,0
29/01/90 06:00,0,0,0
29/01/90 07:00,94.568,81.033,78.765
29/01/90 08:00,284.96,216.32,213.1
29/01/90 09:00,465,387.57,381.41
29/01/90 10:00,648.3,539.02,531.59
29/01/90 11:00,741.34,603.96,596.34
29/01/90 12:00,784.15,570.27,563.64
29/01/90 13:00,691.86,576.6,570.58
29/01/90 14:00,595.43,479.2,474.91
29/01/90 15:00,434.14,366.11,362.95
29/01/90 16:00,327.77,241.32,239.55
29/01/90 17:00,107.63,84.24,83.484
29/01/90 18:00,0,0,0
29/01/90 19:00,0,0,0
29/01/90 20:00,0,0,0
29/01/90 21:00,0,0,0
29/01/90 22:00,0,0,0
29/01/90 23:00,0,0,0
30/01/90 00:00,0,0,0
30/01/90 01:00,0,0,0
30/01/90 02:00,0,0,0
30/01/90 03:00,0,0,0
30/01/90 04:00,0,0,0
30/01/90 05:00,0,0,0
30/01/90 06:00,0,0,0
30/01/90 07:00,49.021,61.223,61.038
30/01/90 08:00,90.874,198.94,196.36
30/01/90 09:00,78.26,390.36,384.17
30/01/90 10:00,52.673,476.91,470.7
30/01/90 11:00,249.19,515.19,509.34
30/01/90 12:00,299.96,529.32,524.04
30/01/90 13:00,436.3,563.24,557.63
30/01/90 14:00,418.48,480.61,476.46
30/01/90 15:00,234.59,316.99,315.27
30/01/90 16:00,168.78,261.55,258.53
30/01/90 17:00,69.842,116.56,114.64
30/01/90 18:00,0,0,0
30/01/90 19:00,0,0,0
30/01/90 20:00,0,0,0
30/01/90 21:00,0,0,0
30/01/90 22:00,0,0,0
30/01/90 23:00,0,0,0
31/01/90 00:00,0,0,0
31/01/90 01:00,0,0,0
31/01/90 02:00,0,0,0
31/01/90 03:00,0,0,0
31/01/90 04:00,0,0,0
31/01/90 05:00,0,0,0
31/01/90 06:00,0,0,0
31/01/90 07:00,81.727,30.345,30.489
31/01/90 08:00,196.2,123.87,123.67
31/01/90 09:00,272.18,68.2,68.339
31/01/90 10:00,260.44,471.22,465.1
31/01/90 11:00,116.45,888.61,870.61
31/01/90 12:00,840.35,589.15,582.56
31/01/90 13:00,565.24,473.31,470.07
31/01/90 14:00,398.62,504.39,499.92
31/01/90 15:00,101.3,246.9,246.5
31/01/90 16:00,72.708,122.98,122.95
31/01/90 17:00,59.019,26.775,26.842
31/01/90 18:00,0,0,0
31/01/90 19:00,0,0,0
31/01/90 20:00,0,0,0
31/01/90 21:00,0,0,0
31/01/90 22:00,0,0,0
31/01/90 23:00,0,0,0
1/2/1990 0:00,0,0,0
1/2/1990 1:00,0,0,0
1/2/1990 2:00,0,0,0
1/2/1990 3:00,0,0,0
1/2/1990 4:00,0,0,0
1/2/1990 5:00,0,0,0
1/2/1990 6:00,0,0,0
1/2/1990 7:00,77.619,104.26,98.812
1/2/1990 8:00,229.64,293.51,283.62
1/2/1990 9:00,395.39,483.17,471.11
1/2/1990 10:00,509.82,630.94,617.9
1/2/1990 11:00,603.66,729.75,715.82
1/2/1990 12:00,625.54,762.88,749.79
1/2/1990 13:00,614.84,728.37,716.96
1/2/1990 14:00,558.7,630.88,622.06
1/2/1990 15:00,433.67,476.59,470.1
1/2/1990 16:00,271.01,282.42,278.74
1/2/1990 17:00,95.054,95.678,94.205
1/2/1990 18:00,0,0,0
1/2/1990 19:00,0,0,0
1/2/1990 20:00,0,0,0
1/2/1990 21:00,0,0,0
1/2/1990 22:00,0,0,0
1/2/1990 23:00,0,0,0
2/2/1990 0:00,0,0,0
2/2/1990 1:00,0,0,0
2/2/1990 2:00,0,0,0
2/2/1990 3:00,0,0,0
2/2/1990 4:00,0,0,0
2/2/1990 5:00,0,0,0
2/2/1990 6:00,0,0,0
2/2/1990 7:00,101.03,91.726,88.955
2/2/1990 8:00,306.04,251.81,246.85
2/2/1990 9:00,510.46,413.54,406.65
2/2/1990 10:00,677.05,528.64,520.97
2/2/1990 11:00,778.87,572.92,565.38
2/2/1990 12:00,817.62,633.7,626.07
2/2/1990 13:00,775.38,623.86,617.07
2/2/1990 14:00,669.18,558.51,553.14
2/2/1990 15:00,500.11,436.53,431.81
2/2/1990 16:00,303.55,274.85,271.74
2/2/1990 17:00,109.82,92.232,91.302
2/2/1990 18:00,0,0,0
2/2/1990 19:00,0,0,0
2/2/1990 20:00,0,0,0
2/2/1990 21:00,0,0,0
2/2/1990 22:00,0,0,0
2/2/1990 23:00,0,0,0
3/2/1990 0:00,0,0,0
3/2/1990 1:00,0,0,0
3/2/1990 2:00,0,0,0
3/2/1990 3:00,0,0,0
3/2/1990 4:00,0,0,0
3/2/1990 5:00,0,0,0
3/2/1990 6:00,0,0,0
3/2/1990 7:00,36.88,83.84,81.467
3/2/1990 8:00,96.937,241.89,238.09
3/2/1990 9:00,144.13,413.03,406.08
3/2/1990 10:00,252.27,563.41,555.06
3/2/1990 11:00,390.47,605.49,597.59
3/2/1990 12:00,548.77,646.69,639.18
3/2/1990 13:00,406.45,628.57,621.87
3/2/1990 14:00,395.54,547.84,542.57
3/2/1990 15:00,388.7,390.88,387.58
3/2/1990 16:00,348.27,214.93,213.69
3/2/1990 17:00,132.49,73.1,72.75
3/2/1990 18:00,0,0,0
3/2/1990 19:00,0,0,0
3/2/1990 20:00,0,0,0
3/2/1990 21:00,0,0,0
3/2/1990 22:00,0,0,0
3/2/1990 23:00,0,0,0
4/2/1990 0:00,0,0,0
4/2/1990 1:00,0,0,0
4/2/1990 2:00,0,0,0
4/2/1990 3:00,0,0,0
4/2/1990 4:00,0,0,0
4/2/1990 5:00,0,0,0
4/2/1990 6:00,0,0,0
4/2/1990 7:00,73.872,28.453,28.6
4/2/1990 8:00,202.59,72.373,72.415
4/2/1990 9:00,363.05,114.8,114.84
4/2/1990 10:00,491.46,149.89,149.8
4/2/1990 11:00,421.54,187.09,187.04
4/2/1990 12:00,467.56,177.52,177.51
4/2/1990 13:00,135.04,203.54,203.41
4/2/1990 14:00,53.771,161.55,161.49
4/2/1990 15:00,55.052,112.91,112.97
4/2/1990 16:00,158.23,90.595,90.62
4/2/1990 17:00,53.66,35.43,35.397
4/2/1990 18:00,0,0,0
4/2/1990 19:00,0,0,0
4/2/1990 20:00,0,0,0
4/2/1990 21:00,0,0,0
4/2/1990 22:00,0,0,0
4/2/1990 23:00,0,0,0
5/2/1990 0:00,0,0,0
5/2/1990 1:00,0,0,0
5/2/1990 2:00,0,0,0
5/2/1990 3:00,0,0,0
5/2/1990 4:00,0,0,0
5/2/1990 5:00,0,0,0
5/2/1990 6:00,0,0,0
5/2/1990 7:00,58.782,13.336,13.441
5/2/1990 8:00,171.14,26.58,26.685
5/2/1990 9:00,316.08,82.833,82.888
5/2/1990 10:00,390.29,127.48,127.51
5/2/1990 11:00,462.1,218.79,218.66
5/2/1990 12:00,512.21,279.72,279.35
5/2/1990 13:00,493.01,306.75,306.23
5/2/1990 14:00,431.26,379.97,378.13
5/2/1990 15:00,316.29,308.71,307.31
5/2/1990 16:00,181.4,174.23,173.9
5/2/1990 17:00,67.753,63.712,63.633
5/2/1990 18:00,0,0,0
5/2/1990 19:00,0,0,0
5/2/1990 20:00,0,0,0
5/2/1990 21:00,0,0,0
5/2/1990 22:00,0,0,0
5/2/1990 23:00,0,0,0
6/2/1990 0:00,0,0,0
6/2/1990 1:00,0,0,0
6/2/1990 2:00,0,0,0
6/2/1990 3:00,0,0,0
6/2/1990 4:00,0,0,0
6/2/1990 5:00,0,0,0
6/2/1990 6:00,0,0,0
6/2/1990 7:00,45.235,25.969,26.117
6/2/1990 8:00,91.88,76.257,76.391
6/2/1990 9:00,268.8,151.97,151.91
6/2/1990 10:00,504.65,194.85,194.59
6/2/1990 11:00,603.36,237.04,236.76
6/2/1990 12:00,586.7,289.49,289.1
6/2/1990 13:00,468.14,306.35,305.77
6/2/1990 14:00,402.72,284.49,283.91
6/2/1990 15:00,331.45,255.17,254.64
6/2/1990 16:00,310.75,60.523,60.63
6/2/1990 17:00,140.75,23.386,23.445
6/2/1990 18:00,0,0,0
6/2/1990 19:00,0,0,0
6/2/1990 20:00,0,0,0
6/2/1990 21:00,0,0,0
6/2/1990 22:00,0,0,0
6/2/1990 23:00,0,0,0
7/2/1990 0:00,0,0,0
7/2/1990 1:00,0,0,0
7/2/1990 2:00,0,0,0
7/2/1990 3:00,0,0,0
7/2/1990 4:00,0,0,0
7/2/1990 5:00,0,0,0
7/2/1990 6:00,0,0,0
7/2/1990 7:00,74.767,104.67,99.829
7/2/1990 8:00,244.83,314.78,304.51
7/2/1990 9:00,410.87,524.31,510.86
7/2/1990 10:00,566.69,703.25,687.88
7/2/1990 11:00,717.22,816.87,801.51
7/2/1990 12:00,801.55,825.53,812.16
7/2/1990 13:00,806.9,764.35,752.92
7/2/1990 14:00,755.11,671.49,662.4
7/2/1990 15:00,401.36,501.7,495.45
7/2/1990 16:00,253.36,318.01,313.96
7/2/1990 17:00,122.9,120.08,118.7
7/2/1990 18:00,0,0,0
7/2/1990 19:00,0,0,0
7/2/1990 20:00,0,0,0
7/2/1990 21:00,0,0,0
7/2/1990 22:00,0,0,0
7/2/1990 23:00,0,0,0
8/2/1990 0:00,0,0,0
8/2/1990 1:00,0,0,0
8/2/1990 2:00,0,0,0
8/2/1990 3:00,0,0,0
8/2/1990 4:00,0,0,0
8/2/1990 5:00,0,0,0
8/2/1990 6:00,0,0,0
8/2/1990 7:00,92.758,102.9,99.455
8/2/1990 8:00,81.634,254.31,249.62
8/2/1990 9:00,40.157,373.2,367.81
8/2/1990 10:00,573.37,469.88,464.89
8/2/1990 11:00,474.59,647.68,638.45
8/2/1990 12:00,494.51,642.23,635.24
8/2/1990 13:00,833.32,611.9,605.82
8/2/1990 14:00,756.69,583.71,577.59
8/2/1990 15:00,429.98,444.74,440.63
8/2/1990 16:00,366.37,250.72,249
8/2/1990 17:00,123.81,99.02,98.255
8/2/1990 18:00,0,0,0
8/2/1990 19:00,0,0,0
8/2/1990 20:00,0,0,0
8/2/1990 21:00,0,0,0
8/2/1990 22:00,0,0,0
8/2/1990 23:00,0,0,0
9/2/1990 0:00,0,0,0
9/2/1990 1:00,0,0,0
9/2/1990 2:00,0,0,0
9/2/1990 3:00,0,0,0
9/2/1990 4:00,0,0,0
9/2/1990 5:00,0,0,0
9/2/1990 6:00,0,0,0
9/2/1990 7:00,98.652,107.06,102.23
9/2/1990 8:00,314.19,290.41,282.42
9/2/1990 9:00,518.6,510.97,498.83
9/2/1990 10:00,697.69,641.1,629.89
9/2/1990 11:00,804.66,743.17,730.17
9/2/1990 12:00,859.11,761.79,750.22
9/2/1990 13:00,827.47,744.49,733.98
9/2/1990 14:00,712.97,644.89,636.91
9/2/1990 15:00,545.93,477.29,472.33
9/2/1990 16:00,323.78,288.65,285.75
9/2/1990 17:00,124.8,94.631,93.989
9/2/1990 18:00,0,0,0
9/2/1990 19:00,0,0,0
9/2/1990 20:00,0,0,0
9/2/1990 21:00,0,0,0
9/2/1990 22:00,0,0,0
9/2/1990 23:00,0,0,0
10/2/1990 0:00,0,0,0
10/2/1990 1:00,0,0,0
10/2/1990 2:00,0,0,0
10/2/1990 3:00,0,0,0
10/2/1990 4:00,0,0,0
10/2/1990 5:00,0,0,0
10/2/1990 6:00,0,0,0
10/2/1990 7:00,83.698,97.507,94.567
10/2/1990 8:00,249.94,252.51,247.95
10/2/1990 9:00,491.52,459.61,450.65
10/2/1990 10:00,650.05,566.42,558.53
10/2/1990 11:00,688.35,658.88,649.33
10/2/1990 12:00,754.91,775.94,764.51
10/2/1990 13:00,765.21,647.3,639.84
10/2/1990 14:00,696.96,684.68,676.32
10/2/1990 15:00,559.79,556.21,549.11
10/2/1990 16:00,356.44,346.19,342.35
10/2/1990 17:00,139.33,105.49,104.48
10/2/1990 18:00,0,0,0
10/2/1990 19:00,0,0,0
10/2/1990 20:00,0,0,0
10/2/1990 21:00,0,0,0
10/2/1990 22:00,0,0,0
10/2/1990 23:00,0,0,0
11/2/1990 0:00,0,0,0
11/2/1990 1:00,0,0,0
11/2/1990 2:00,0,0,0
11/2/1990 3:00,0,0,0
11/2/1990 4:00,0,0,0
11/2/1990 5:00,0,0,0
11/2/1990 6:00,0,0,0
11/2/1990 7:00,102.58,82.28,80.738
11/2/1990 8:00,299.69,60.721,60.661
11/2/1990 9:00,495.14,67.296,67.149
11/2/1990 10:00,675.37,526.28,519.58
11/2/1990 11:00,793.38,534.91,529.18
11/2/1990 12:00,842.69,129.3,128.93
11/2/1990 13:00,799.27,279.93,279.33
11/2/1990 14:00,688.08,432.62,430.2
11/2/1990 15:00,525.5,465.24,461.07
11/2/1990 16:00,330.35,361.46,357.84
11/2/1990 17:00,133.85,133.38,132.25
11/2/1990 18:00,0,0,0
11/2/1990 19:00,0,0,0
11/2/1990 20:00,0,0,0
11/2/1990 21:00,0,0,0
11/2/1990 22:00,0,0,0
11/2/1990 23:00,0,0,0
12/2/1990 0:00,0,0,0
12/2/1990 1:00,0,0,0
12/2/1990 2:00,0,0,0
12/2/1990 3:00,0,0,0
12/2/1990 4:00,0,0,0
12/2/1990 5:00,0,0,0
12/2/1990 6:00,0,0,0
12/2/1990 7:00,101.04,117.36,111.12
12/2/1990 8:00,308.04,327.87,317.43
12/2/1990 9:00,530.16,545.23,531.36
12/2/1990 10:00,694.26,718.71,704.07
12/2/1990 11:00,796.57,826.71,811.68
12/2/1990 12:00,813.42,853.32,839.75
12/2/1990 13:00,786.5,818.92,807.06
12/2/1990 14:00,690.04,699.67,690.78
12/2/1990 15:00,546.13,517.21,511.42
12/2/1990 16:00,347.73,310.65,307.42
12/2/1990 17:00,135.25,111.81,110.62
12/2/1990 18:00,0,0,0
12/2/1990 19:00,0,0,0
12/2/1990 20:00,0,0,0
12/2/1990 21:00,0,0,0
12/2/1990 22:00,0,0,0
12/2/1990 23:00,0,0,0
13/02/90 00:00,0,0,0
13/02/90 01:00,0,0,0
13/02/90 02:00,0,0,0
13/02/90 03:00,0,0,0
13/02/90 04:00,0,0,0
13/02/90 05:00,0,0,0
13/02/90 06:00,0,0,0
13/02/90 07:00,65.986,108.3,104.77
13/02/90 08:00,333.06,295.43,287.83
13/02/90 09:00,531.97,487.76,478.01
13/02/90 10:00,758.98,666.29,653.61
13/02/90 11:00,762.66,742.77,730.64
13/02/90 12:00,848.81,777.8,766.35
13/02/90 13:00,607.75,740.29,730.72
13/02/90 14:00,476.11,631.95,625.4
13/02/90 15:00,290.14,475.51,471.09
13/02/90 16:00,81.342,281.1,279.46
13/02/90 17:00,30.826,100.13,99.583
13/02/90 18:00,0,0,0
13/02/90 19:00,0,0,0
13/02/90 20:00,0,0,0
13/02/90 21:00,0,0,0
13/02/90 22:00,0,0,0
13/02/90 23:00,0,0,0
14/02/90 00:00,0,0,0
14/02/90 01:00,0,0,0
14/02/90 02:00,0,0,0
14/02/90 03:00,0,0,0
14/02/90 04:00,0,0,0
14/02/90 05:00,0,0,0
14/02/90 06:00,0,0,0
14/02/90 07:00,84.36,128.17,121.91
14/02/90 08:00,275.33,250.72,246.32
14/02/90 09:00,478.21,406.86,401.14
14/02/90 10:00,627.73,517.1,510.33
14/02/90 11:00,699.13,729.3,718.95
14/02/90 12:00,724.75,718.58,709.66
14/02/90 13:00,686.32,715.12,707.01
14/02/90 14:00,632.49,725.88,716.88
14/02/90 15:00,450.48,570.02,563.47
14/02/90 16:00,289.61,314.04,311.44
14/02/90 17:00,110.67,137.88,136.59
14/02/90 18:00,0,0,0
14/02/90 19:00,0,0,0
14/02/90 20:00,0,0,0
14/02/90 21:00,0,0,0
14/02/90 22:00,0,0,0
14/02/90 23:00,0,0,0
15/02/90 00:00,0,0,0
15/02/90 01:00,0,0,0
15/02/90 02:00,0,0,0
15/02/90 03:00,0,0,0
15/02/90 04:00,0,0,0
15/02/90 05:00,0,0,0
15/02/90 06:00,0,0,0
15/02/90 07:00,114.64,115.97,113.13
15/02/90 08:00,336.43,308.21,306.19
15/02/90 09:00,560.54,536.86,534.64
15/02/90 10:00,748.94,697.04,696.74
15/02/90 11:00,869.26,816.72,818.88
15/02/90 12:00,915.72,827.27,831.16
15/02/90 13:00,868.22,801.15,806.29
15/02/90 14:00,767.39,666.42,671.83
15/02/90 15:00,592.79,503.13,507.98
15/02/90 16:00,374.35,301.06,304.57
15/02/90 17:00,146.93,103.63,105.21
15/02/90 18:00,0,0,0
15/02/90 19:00,0,0,0
15/02/90 20:00,0,0,0
15/02/90 21:00,0,0,0
15/02/90 22:00,0,0,0
15/02/90 23:00,0,0,0
16/02/90 00:00,0,0,0
16/02/90 01:00,0,0,0
16/02/90 02:00,0,0,0
16/02/90 03:00,0,0,0
16/02/90 04:00,0,0,0
16/02/90 05:00,0,0,0
16/02/90 06:00,0,0,0
16/02/90 07:00,117.64,114.27,109.7
16/02/90 08:00,323.55,298.42,291.12
16/02/90 09:00,533.93,506.59,495.86
16/02/90 10:00,713.01,672,659.35
16/02/90 11:00,809.03,757.86,745.8
16/02/90 12:00,835.94,757.84,748.51
16/02/90 13:00,795.04,715.42,707.59
16/02/90 14:00,714.57,614.49,608.83
16/02/90 15:00,583.02,498.8,494.42
16/02/90 16:00,365.63,287.99,286.49
16/02/90 17:00,139.31,112.2,111.39
16/02/90 18:00,0,0,0
16/02/90 19:00,0,0,0
16/02/90 20:00,0,0,0
16/02/90 21:00,0,0,0
16/02/90 22:00,0,0,0
16/02/90 23:00,0,0,0
17/02/90 00:00,0,0,0
17/02/90 01:00,0,0,0
17/02/90 02:00,0,0,0
17/02/90 03:00,0,0,0
17/02/90 04:00,0,0,0
17/02/90 05:00,0,0,0
17/02/90 06:00,0,0,0
17/02/90 07:00,95.809,145.9,137.04
17/02/90 08:00,313.49,388.8,375.08
17/02/90 09:00,528.42,621.55,605.32
17/02/90 10:00,646.57,808.15,791.16
17/02/90 11:00,720.28,931.45,915.28
17/02/90 12:00,810.5,976.61,961.91
17/02/90 13:00,767.22,934.49,921.83
17/02/90 14:00,718.95,818.6,808.43
17/02/90 15:00,585.73,639.5,632.3
17/02/90 16:00,355.28,406.41,402.1
17/02/90 17:00,146.59,155.44,154.05
17/02/90 18:00,0,0,0
17/02/90 19:00,0,0,0
17/02/90 20:00,0,0,0
17/02/90 21:00,0,0,0
17/02/90 22:00,0,0,0
17/02/90 23:00,0,0,0
18/02/90 00:00,0,0,0
18/02/90 01:00,0,0,0
18/02/90 02:00,0,0,0
18/02/90 03:00,0,0,0
18/02/90 04:00,0,0,0
18/02/90 05:00,0,0,0
18/02/90 06:00,0,0,0
18/02/90 07:00,113.13,98.323,96.131
18/02/90 08:00,332.04,279.09,274.36
18/02/90 09:00,552.8,450.41,444.01
18/02/90 10:00,751.43,578.84,571.61
18/02/90 11:00,841.48,676.2,667.38
18/02/90 12:00,875.64,704.81,696.54
18/02/90 13:00,844.53,675.8,668.99
18/02/90 14:00,736.96,557.78,553.63
18/02/90 15:00,590.06,435.76,433.15
18/02/90 16:00,372.63,266.02,264.86
18/02/90 17:00,149.12,99.736,99.319
18/02/90 18:00,0,0,0
18/02/90 19:00,0,0,0
18/02/90 20:00,0,0,0
18/02/90 21:00,0,0,0
18/02/90 22:00,0,0,0
18/02/90 23:00,0,0,0
19/02/90 00:00,0,0,0
19/02/90 01:00,0,0,0
19/02/90 02:00,0,0,0
19/02/90 03:00,0,0,0
19/02/90 04:00,0,0,0
19/02/90 05:00,0,0,0
19/02/90 06:00,0,0,0
19/02/90 07:00,38.563,76.174,75.771
19/02/90 08:00,230.37,210.63,208.75
19/02/90 09:00,649.9,351.96,348.8
19/02/90 10:00,877.01,441.81,438.3
19/02/90 11:00,752.12,504.74,501.17
19/02/90 12:00,589.31,547.16,543.5
19/02/90 13:00,501.08,548.3,545.08
19/02/90 14:00,413.47,491.56,488.46
19/02/90 15:00,203.75,376.93,375.33
19/02/90 16:00,93.644,231.2,230.58
19/02/90 17:00,13.375,91.968,91.812
19/02/90 18:00,0,0,0
19/02/90 19:00,0,0,0
19/02/90 20:00,0,0,0
19/02/90 21:00,0,0,0
19/02/90 22:00,0,0,0
19/02/90 23:00,0,0,0
20/02/90 00:00,0,0,0
20/02/90 01:00,0,0,0
20/02/90 02:00,0,0,0
20/02/90 03:00,0,0,0
20/02/90 04:00,0,0,0
20/02/90 05:00,0,0,0
20/02/90 06:00,0,0,0
20/02/90 07:00,96.881,46.076,46.166
20/02/90 08:00,307.64,85.623,85.749
20/02/90 09:00,350.01,221.17,220.68
20/02/90 10:00,304.66,337.47,336.42
20/02/90 11:00,643.78,192.1,192.09
20/02/90 12:00,623.53,401.65,399.62
20/02/90 13:00,484.15,498.73,495.88
20/02/90 14:00,444.48,113.14,113.29
20/02/90 15:00,51.884,245.31,244.96
20/02/90 16:00,146.49,234.7,233.95
20/02/90 17:00,82.626,97.526,97.29
20/02/90 18:00,0,0,0
20/02/90 19:00,0,0,0
20/02/90 20:00,0,0,0
20/02/90 21:00,0,0,0
20/02/90 22:00,0,0,0
20/02/90 23:00,0,0,0
21/02/90 00:00,0,0,0
21/02/90 01:00,0,0,0
21/02/90 02:00,0,0,0
21/02/90 03:00,0,0,0
21/02/90 04:00,0,0,0
21/02/90 05:00,0,0,0
21/02/90 06:00,0,0,0
21/02/90 07:00,85.528,76.964,76.686
21/02/90 08:00,228.3,221.31,219.16
21/02/90 09:00,412.86,345.56,342.55
21/02/90 10:00,539.05,497.84,492.54
21/02/90 11:00,633.48,556.59,552.32
21/02/90 12:00,624.34,587.42,583.39
21/02/90 13:00,618.8,511.23,508.37
21/02/90 14:00,530.45,460.41,458.25
21/02/90 15:00,385.05,340.09,338.83
21/02/90 16:00,229.35,189.88,189.73
21/02/90 17:00,88.189,65.403,65.4
21/02/90 18:00,0,0,0
21/02/90 19:00,0,0,0
21/02/90 20:00,0,0,0
21/02/90 21:00,0,0,0
21/02/90 22:00,0,0,0
21/02/90 23:00,0,0,0
22/02/90 00:00,0,0,0
22/02/90 01:00,0,0,0
22/02/90 02:00,0,0,0
22/02/90 03:00,0,0,0
22/02/90 04:00,0,0,0
22/02/90 05:00,0,0,0
22/02/90 06:00,0,0,0
22/02/90 07:00,116.13,86.763,85.653
22/02/90 08:00,319.91,257.17,254.05
22/02/90 09:00,528.36,431.86,426.1
22/02/90 10:00,724.79,633.48,624.37
22/02/90 11:00,807.26,704.96,696.21
22/02/90 12:00,845.44,749.27,740.73
22/02/90 13:00,806.16,710.47,703.65
22/02/90 14:00,714.2,596.15,591.26
22/02/90 15:00,554.84,494.53,491.03
22/02/90 16:00,371.93,331.47,329.23
22/02/90 17:00,153.16,115.82,115.47
22/02/90 18:00,0,0,0
22/02/90 19:00,0,0,0
22/02/90 20:00,0,0,0
22/02/90 21:00,0,0,0
22/02/90 22:00,0,0,0
22/02/90 23:00,0,0,0
23/02/90 00:00,0,0,0
23/02/90 01:00,0,0,0
23/02/90 02:00,0,0,0
23/02/90 03:00,0,0,0
23/02/90 04:00,0,0,0
23/02/90 05:00,0,0,0
23/02/90 06:00,0,0,0
23/02/90 07:00,89.223,111.51,108.95
23/02/90 08:00,266.53,287.88,283.36
23/02/90 09:00,413.64,478.03,470.18
23/02/90 10:00,561.15,627.98,619.05
23/02/90 11:00,624.39,710.86,702.04
23/02/90 12:00,683.72,724.51,716.56
23/02/90 13:00,651.71,681.69,676.25
23/02/90 14:00,560.66,594.85,590.21
23/02/90 15:00,386.74,438.26,435.97
23/02/90 16:00,238.11,273.62,272.61
23/02/90 17:00,95.258,101.94,101.77
23/02/90 18:00,0,0,0
23/02/90 19:00,0,0,0
23/02/90 20:00,0,0,0
23/02/90 21:00,0,0,0
23/02/90 22:00,0,0,0
23/02/90 23:00,0,0,0
24/02/90 00:00,0,0,0
24/02/90 01:00,0,0,0
24/02/90 02:00,0,0,0
24/02/90 03:00,0,0,0
24/02/90 04:00,0,0,0
24/02/90 05:00,0,0,0
24/02/90 06:00,0,0,0
24/02/90 07:00,98.942,139.47,134.76
24/02/90 08:00,274.04,367.1,357.74
24/02/90 09:00,454.75,595.41,582.81
24/02/90 10:00,626.35,780.31,766.37
24/02/90 11:00,735.1,898.55,884.99
24/02/90 12:00,782.29,905.2,893.39
24/02/90 13:00,756.49,835.83,826.34
24/02/90 14:00,705.62,723.99,716.5
24/02/90 15:00,544.14,551.3,546.73
24/02/90 16:00,351.59,337.46,335.19
24/02/90 17:00,159.91,133.6,133.23
24/02/90 18:00,0,0,0
24/02/90 19:00,0,0,0
24/02/90 20:00,0,0,0
24/02/90 21:00,0,0,0
24/02/90 22:00,0,0,0
24/02/90 23:00,0,0,0
25/02/90 00:00,0,0,0
25/02/90 01:00,0,0,0
25/02/90 02:00,0,0,0
25/02/90 03:00,0,0,0
25/02/90 04:00,0,0,0
25/02/90 05:00,0,0,0
25/02/90 06:00,0,0,0
25/02/90 07:00,96.842,136.4,130.96
25/02/90 08:00,285.65,337.25,328.81
25/02/90 09:00,471.89,568.63,556.91
25/02/90 10:00,607.66,716.98,704.84
25/02/90 11:00,709.55,830.45,818.37
25/02/90 12:00,710.07,844.79,833.96
25/02/90 13:00,676.34,824.57,815.47
25/02/90 14:00,604.12,712.01,705.37
25/02/90 15:00,451.74,538.43,534.4
25/02/90 16:00,280.62,309.87,308.31
25/02/90 17:00,119.91,114.51,114.41
25/02/90 18:00,0,0,0
25/02/90 19:00,0,0,0
25/02/90 20:00,0,0,0
25/02/90 21:00,0,0,0
25/02/90 22:00,0,0,0
25/02/90 23:00,0,0,0
26/02/90 00:00,0,0,0
26/02/90 01:00,0,0,0
26/02/90 02:00,0,0,0
26/02/90 03:00,0,0,0
26/02/90 04:00,0,0,0
26/02/90 05:00,0,0,0
26/02/90 06:00,0,0,0
26/02/90 07:00,85.058,109.72,107.46
26/02/90 08:00,241.26,284.68,280.46
26/02/90 09:00,403.52,468.62,462.24
26/02/90 10:00,571.88,606.53,598.33
26/02/90 11:00,622.38,758.11,748.76
26/02/90 12:00,604.58,810.24,800.18
26/02/90 13:00,725.87,792.8,784.34
26/02/90 14:00,618.27,696.65,690.39
26/02/90 15:00,371.27,592.94,588.62
26/02/90 16:00,262,365.43,363.64
26/02/90 17:00,113.04,142.59,142.48
26/02/90 18:00,0,0,0
26/02/90 19:00,0,0,0
26/02/90 20:00,0,0,0
26/02/90 21:00,0,0,0
26/02/90 22:00,0,0,0
26/02/90 23:00,0,0,0
27/02/90 00:00,0,0,0
27/02/90 01:00,0,0,0
27/02/90 02:00,0,0,0
27/02/90 03:00,0,0,0
27/02/90 04:00,0,0,0
27/02/90 05:00,0,0,0
27/02/90 06:00,0,0,0
27/02/90 07:00,20.807,109.52,107.23
27/02/90 08:00,59.399,316.86,310.44
27/02/90 09:00,112.64,505.1,497.04
27/02/90 10:00,138.7,677.89,667.78
27/02/90 11:00,164.17,743.74,734.86
27/02/90 12:00,190.75,784.51,775.3
27/02/90 13:00,200.75,737.56,730.87
27/02/90 14:00,188.17,635.91,631.1
27/02/90 15:00,137.07,532.73,529.06
27/02/90 16:00,92.859,310.17,308.91
27/02/90 17:00,36.487,119.81,119.7
27/02/90 18:00,0,0,0
27/02/90 19:00,0,0,0
27/02/90 20:00,0,0,0
27/02/90 21:00,0,0,0
27/02/90 22:00,0,0,0
27/02/90 23:00,0,0,0
28/02/90 00:00,0,0,0
28/02/90 01:00,0,0,0
28/02/90 02:00,0,0,0
28/02/90 03:00,0,0,0
28/02/90 04:00,0,0,0
28/02/90 05:00,0,0,0
28/02/90 06:00,0,0,0
28/02/90 07:00,112.7,123.9,121.07
28/02/90 08:00,344.12,318.24,311.93
28/02/90 09:00,506.18,505.6,497.7
28/02/90 10:00,699.86,664.65,655.61
28/02/90 11:00,807.57,759.91,750.96
28/02/90 12:00,858.07,787.23,778.11
28/02/90 13:00,808.67,733.67,727.26
28/02/90 14:00,722.32,624.72,620.27
28/02/90 15:00,524,460.65,458.51
28/02/90 16:00,372.18,281.51,280.67
28/02/90 17:00,158.4,109.12,109.14
28/02/90 18:00,0,0,0
28/02/90 19:00,0,0,0
28/02/90 20:00,0,0,0
28/02/90 21:00,0,0,0
28/02/90 22:00,0,0,0
28/02/90 23:00,0,0,0
1/3/1990 0:00,0,0,0
1/3/1990 1:00,0,0,0
1/3/1990 2:00,0,0,0
1/3/1990 3:00,0,0,0
1/3/1990 4:00,0,0,0
1/3/1990 5:00,0,0,0
1/3/1990 6:00,0,0,0
1/3/1990 7:00,107.76,132.18,128.19
1/3/1990 8:00,289.21,330.33,323.93
1/3/1990 9:00,445.59,506.11,498.71
1/3/1990 10:00,478.71,656.47,648.09
1/3/1990 11:00,447.52,751.24,742.92
1/3/1990 12:00,610.26,753.31,746.3
1/3/1990 13:00,745,706.81,701.37
1/3/1990 14:00,727.61,597.28,593.6
1/3/1990 15:00,621.03,458.34,456.61
1/3/1990 16:00,391.11,280.9,280.34
1/3/1990 17:00,163.98,108.23,108.27
1/3/1990 18:00,0,0,0
1/3/1990 19:00,0,0,0
1/3/1990 20:00,0,0,0
1/3/1990 21:00,0,0,0
1/3/1990 22:00,0,0,0
1/3/1990 23:00,0,0,0
2/3/1990 0:00,0,0,0
2/3/1990 1:00,0,0,0
2/3/1990 2:00,0,0,0
2/3/1990 3:00,0,0,0
2/3/1990 4:00,0,0,0
2/3/1990 5:00,0,0,0
2/3/1990 6:00,0,0,0
2/3/1990 7:00,75.759,156.98,152.66
2/3/1990 8:00,162.58,324.54,318.5
2/3/1990 9:00,367.93,496.84,489.94
2/3/1990 10:00,326.95,604.14,598.11
2/3/1990 11:00,528,682.42,676.51
2/3/1990 12:00,619.45,704.78,698.39
2/3/1990 13:00,799.16,668.64,664.5
2/3/1990 14:00,668.49,590.88,587.39
2/3/1990 15:00,622.51,436.67,435.27
2/3/1990 16:00,392.2,285.02,284.46
2/3/1990 17:00,164.67,82.454,82.615
2/3/1990 18:00,0,0,0
2/3/1990 19:00,0,0,0
2/3/1990 20:00,0,0,0
2/3/1990 21:00,0,0,0
2/3/1990 22:00,0,0,0
2/3/1990 23:00,0,0,0
3/3/1990 0:00,0,0,0
3/3/1990 1:00,0,0,0
3/3/1990 2:00,0,0,0
3/3/1990 3:00,0,0,0
3/3/1990 4:00,0,0,0
3/3/1990 5:00,0,0,0
3/3/1990 6:00,0,0,0
3/3/1990 7:00,99.39,75.558,75.498
3/3/1990 8:00,269.28,211.61,210.83
3/3/1990 9:00,464.09,338.88,336.92
3/3/1990 10:00,608.01,448.24,445.62
3/3/1990 11:00,688.25,509.96,507.05
3/3/1990 12:00,731.95,519.6,517.18
3/3/1990 13:00,721.74,488.6,486.93
3/3/1990 14:00,649.14,426.45,425.32
3/3/1990 15:00,481.69,310.53,310.03
3/3/1990 16:00,296.62,200.25,200.33
3/3/1990 17:00,112.24,76.37,76.418
3/3/1990 18:00,0,0,0
3/3/1990 19:00,0,0,0
3/3/1990 20:00,0,0,0
3/3/1990 21:00,0,0,0
3/3/1990 22:00,0,0,0
3/3/1990 23:00,0,0,0
4/3/1990 0:00,0,0,0
4/3/1990 1:00,0,0,0
4/3/1990 2:00,0,0,0
4/3/1990 3:00,0,0,0
4/3/1990 4:00,0,0,0
4/3/1990 5:00,0,0,0
4/3/1990 6:00,0,0,0
4/3/1990 7:00,67.682,12.432,12.498
4/3/1990 8:00,186.18,91.501,91.628
4/3/1990 9:00,313.76,160.75,160.85
4/3/1990 10:00,412.71,293.57,293.33
4/3/1990 11:00,466.99,395.16,393.5
4/3/1990 12:00,482.35,628.16,623.78
4/3/1990 13:00,466.14,665.34,661.25
4/3/1990 14:00,389.4,620.05,616.54
4/3/1990 15:00,312.96,485.47,483.47
4/3/1990 16:00,196.97,299.3,298.94
4/3/1990 17:00,70.029,161.5,161.82
4/3/1990 18:00,0,0,0
4/3/1990 19:00,0,0,0
4/3/1990 20:00,0,0,0
4/3/1990 21:00,0,0,0
4/3/1990 22:00,0,0,0
4/3/1990 23:00,0,0,0
5/3/1990 0:00,0,0,0
5/3/1990 1:00,0,0,0
5/3/1990 2:00,0,0,0
5/3/1990 3:00,0,0,0
5/3/1990 4:00,0,0,0
5/3/1990 5:00,0,0,0
5/3/1990 6:00,0,0,0
5/3/1990 7:00,91.11,106.62,105.5
5/3/1990 8:00,215.89,222.97,222.11
5/3/1990 9:00,351.42,365.65,363.07
5/3/1990 10:00,400.93,299.46,299.09
5/3/1990 11:00,490.49,355.87,355.34
5/3/1990 12:00,522.12,323.87,323.63
5/3/1990 13:00,536.08,311.26,311.16
5/3/1990 14:00,408.38,198.45,198.62
5/3/1990 15:00,342.77,136.84,137.02
5/3/1990 16:00,205.71,29.361,29.408
5/3/1990 17:00,88.077,13.336,13.351
5/3/1990 18:00,0,0,0
5/3/1990 19:00,0,0,0
5/3/1990 20:00,0,0,0
5/3/1990 21:00,0,0,0
5/3/1990 22:00,0,0,0
5/3/1990 23:00,0,0,0
6/3/1990 0:00,0,0,0
6/3/1990 1:00,0,0,0
6/3/1990 2:00,0,0,0
6/3/1990 3:00,0,0,0
6/3/1990 4:00,0,0,0
6/3/1990 5:00,0,0,0
6/3/1990 6:00,0,0,0
6/3/1990 7:00,141.95,104.03,102.85
6/3/1990 8:00,366.66,108.82,108.94
6/3/1990 9:00,577.02,117.31,117.45
6/3/1990 10:00,762.52,276.83,276.64
6/3/1990 11:00,872.45,397.37,395.83
6/3/1990 12:00,915.55,477.56,476.67
6/3/1990 13:00,863.39,437.82,436.42
6/3/1990 14:00,750.07,171.04,171.22
6/3/1990 15:00,553.41,200.52,200.72
6/3/1990 16:00,355.52,137.23,137.32
6/3/1990 17:00,142.79,86.866,86.97
6/3/1990 18:00,0,0,0
6/3/1990 19:00,0,0,0
6/3/1990 20:00,0,0,0
6/3/1990 21:00,0,0,0
6/3/1990 22:00,0,0,0
6/3/1990 23:00,0,0,0
7/3/1990 0:00,0,0,0
7/3/1990 1:00,0,0,0
7/3/1990 2:00,0,0,0
7/3/1990 3:00,0,0,0
7/3/1990 4:00,0,0,0
7/3/1990 5:00,0,0,0
7/3/1990 6:00,0,0,0
7/3/1990 7:00,48.593,162.21,156.81
7/3/1990 8:00,83.135,398.19,388.97
7/3/1990 9:00,295.96,622.43,611.47
7/3/1990 10:00,468.84,795.03,783.52
7/3/1990 11:00,601.31,909.41,898.31
7/3/1990 12:00,590.81,932.05,922.51
7/3/1990 13:00,483.23,897.62,889.88
7/3/1990 14:00,445.66,790.85,785.32
7/3/1990 15:00,262.01,614.81,611.81
7/3/1990 16:00,102.69,392.51,391.79
7/3/1990 17:00,12.797,154.61,155.35
7/3/1990 18:00,0,0,0
7/3/1990 19:00,0,0,0
7/3/1990 20:00,0,0,0
7/3/1990 21:00,0,0,0
7/3/1990 22:00,0,0,0
7/3/1990 23:00,0,0,0
8/3/1990 0:00,0,0,0
8/3/1990 1:00,0,0,0
8/3/1990 2:00,0,0,0
8/3/1990 3:00,0,0,0
8/3/1990 4:00,0,0,0
8/3/1990 5:00,0,0,0
8/3/1990 6:00,0,0,0
8/3/1990 7:00,77.219,163.41,157.93
8/3/1990 8:00,196.14,396.88,388.32
8/3/1990 9:00,318.63,606.06,595.7
8/3/1990 10:00,409.9,793.2,782.24
8/3/1990 11:00,442.01,888.82,878.7
8/3/1990 12:00,461.58,920.24,911.4
8/3/1990 13:00,454.06,861.28,854.12
8/3/1990 14:00,393.39,763.69,758.68
8/3/1990 15:00,295.64,589.89,587.25
8/3/1990 16:00,165.56,371.05,370.6
8/3/1990 17:00,70.421,150.02,150.88
8/3/1990 18:00,0,0,0
8/3/1990 19:00,0,0,0
8/3/1990 20:00,0,0,0
8/3/1990 21:00,0,0,0
8/3/1990 22:00,0,0,0
8/3/1990 23:00,0,0,0
9/3/1990 0:00,0,0,0
9/3/1990 1:00,0,0,0
9/3/1990 2:00,0,0,0
9/3/1990 3:00,0,0,0
9/3/1990 4:00,0,0,0
9/3/1990 5:00,0,0,0
9/3/1990 6:00,0,0,0
9/3/1990 7:00,143.38,147.7,144.12
9/3/1990 8:00,356.96,328.85,324.98
9/3/1990 9:00,563.6,499.4,494.39
9/3/1990 10:00,749.91,637.64,630.98
9/3/1990 11:00,850.08,711.33,704.85
9/3/1990 12:00,872.7,741.67,735.89
9/3/1990 13:00,807.25,690.64,687.08
9/3/1990 14:00,722.71,586.8,584.62
9/3/1990 15:00,572.51,458.76,457.88
9/3/1990 16:00,394.37,287.41,287.32
9/3/1990 17:00,174.56,110.72,111.17
9/3/1990 18:00,0,0,0
9/3/1990 19:00,0,0,0
9/3/1990 20:00,0,0,0
9/3/1990 21:00,0,0,0
9/3/1990 22:00,0,0,0
9/3/1990 23:00,0,0,0
10/3/1990 0:00,0,0,0
10/3/1990 1:00,0,0,0
10/3/1990 2:00,0,0,0
10/3/1990 3:00,0,0,0
10/3/1990 4:00,0,0,0
10/3/1990 5:00,0,0,0
10/3/1990 6:00,0,0,0
10/3/1990 7:00,139.54,165.44,160.59
10/3/1990 8:00,364.54,421.09,412.08
10/3/1990 9:00,590.1,628.72,618.29
10/3/1990 10:00,723.8,775.13,764.86
10/3/1990 11:00,836.89,874.54,864.63
10/3/1990 12:00,886.04,906.46,898.12
10/3/1990 13:00,811.02,821.41,815.26
10/3/1990 14:00,741.33,702.66,698.71
10/3/1990 15:00,557.96,523.41,521.73
10/3/1990 16:00,365.41,318.48,318.29
10/3/1990 17:00,153.26,120.11,120.4
10/3/1990 18:00,0,0,0
10/3/1990 19:00,0,0,0
10/3/1990 20:00,0,0,0
10/3/1990 21:00,0,0,0
10/3/1990 22:00,0,0,0
10/3/1990 23:00,0,0,0
11/3/1990 0:00,0,0,0
11/3/1990 1:00,0,0,0
11/3/1990 2:00,0,0,0
11/3/1990 3:00,0,0,0
11/3/1990 4:00,0,0,0
11/3/1990 5:00,0,0,0
11/3/1990 6:00,0,0,0
11/3/1990 7:00,131.64,162.24,157.52
11/3/1990 8:00,338.28,392.64,385.12
11/3/1990 9:00,523.46,611.67,601.96
11/3/1990 10:00,674.96,745.02,735.67
11/3/1990 11:00,722.43,837.19,828.11
11/3/1990 12:00,760.72,870.22,862.29
11/3/1990 13:00,765.52,841.78,835.57
11/3/1990 14:00,614.39,749.57,745.43
11/3/1990 15:00,461.32,572.53,570.78
11/3/1990 16:00,296.48,326.46,326.39
11/3/1990 17:00,113.71,127.91,128.45
11/3/1990 18:00,0,0,0
11/3/1990 19:00,0,0,0
11/3/1990 20:00,0,0,0
11/3/1990 21:00,0,0,0
11/3/1990 22:00,0,0,0
11/3/1990 23:00,0,0,0
12/3/1990 0:00,0,0,0
12/3/1990 1:00,0,0,0
12/3/1990 2:00,0,0,0
12/3/1990 3:00,0,0,0
12/3/1990 4:00,0,0,0
12/3/1990 5:00,0,0,0
12/3/1990 6:00,0,0,0
12/3/1990 7:00,163.63,88.317,88.241
12/3/1990 8:00,405.79,224.07,223.51
12/3/1990 9:00,630.01,324.71,323.24
12/3/1990 10:00,814.93,422.18,420.4
12/3/1990 11:00,926.31,440.21,439.55
12/3/1990 12:00,973.18,474.87,473.28
12/3/1990 13:00,934.84,452.28,451.94
12/3/1990 14:00,819.8,357.83,357.82
12/3/1990 15:00,648.79,286.39,286.54
12/3/1990 16:00,420.87,210.32,210.56
12/3/1990 17:00,177.48,78.659,78.756
12/3/1990 18:00,0,0,0
12/3/1990 19:00,0,0,0
12/3/1990 20:00,0,0,0
12/3/1990 21:00,0,0,0
12/3/1990 22:00,0,0,0
12/3/1990 23:00,0,0,0
13/03/90 00:00,0,0,0
13/03/90 01:00,0,0,0
13/03/90 02:00,0,0,0
13/03/90 03:00,0,0,0
13/03/90 04:00,0,0,0
13/03/90 05:00,0,0,0
13/03/90 06:00,0,0,0
13/03/90 07:00,171.28,218.51,210.78
13/03/90 08:00,409.77,497.67,486.65
13/03/90 09:00,648.25,743.12,730.77
13/03/90 10:00,809.42,911.29,899.51
13/03/90 11:00,916.41,449.51,447.66
13/03/90 12:00,943.39,430.81,429.45
13/03/90 13:00,896.85,495.23,494.04
13/03/90 14:00,794.63,431.67,431.05
13/03/90 15:00,619.38,342.2,342.08
13/03/90 16:00,407.61,235.51,235.84
13/03/90 17:00,166.96,96.057,96.438
13/03/90 18:00,0,0,0
13/03/90 19:00,0,0,0
13/03/90 20:00,0,0,0
13/03/90 21:00,0,0,0
13/03/90 22:00,0,0,0
13/03/90 23:00,0,0,0
14/03/90 00:00,0,0,0
14/03/90 01:00,0,0,0
14/03/90 02:00,0,0,0
14/03/90 03:00,0,0,0
14/03/90 04:00,0,0,0
14/03/90 05:00,0,0,0
14/03/90 06:00,0,0,0
14/03/90 07:00,145.33,13.336,13.394
14/03/90 08:00,345.45,178.99,178.84
14/03/90 09:00,549.62,281.99,281.6
14/03/90 10:00,751.04,401.04,400.33
14/03/90 11:00,881.08,444.86,443.28
14/03/90 12:00,917.12,329.26,329.09
14/03/90 13:00,821.33,311.88,311.86
14/03/90 14:00,740.38,308.35,308.42
14/03/90 15:00,536.91,210.39,210.54
14/03/90 16:00,359.91,92.983,93.133
14/03/90 17:00,159.32,11.346,11.351
14/03/90 18:00,0,0,0
14/03/90 19:00,0,0,0
14/03/90 20:00,0,0,0
14/03/90 21:00,0,0,0
14/03/90 22:00,0,0,0
14/03/90 23:00,0,0,0
15/03/90 00:00,0,0,0
15/03/90 01:00,0,0,0
15/03/90 02:00,0,0,0
15/03/90 03:00,0,0,0
15/03/90 04:00,0,0,0
15/03/90 05:00,0,0,0
15/03/90 06:00,0,0,0
15/03/90 07:00,158.44,86.817,86.792
15/03/90 08:00,389.1,193.95,193.63
15/03/90 09:00,617.31,312.13,311.53
15/03/90 10:00,785.69,391.22,389.76
15/03/90 11:00,881.14,443.3,442.7
15/03/90 12:00,927.97,423.02,421.93
15/03/90 13:00,882.42,407.77,406.96
15/03/90 14:00,771.47,375.4,375.42
15/03/90 15:00,603.87,253.47,253.66
15/03/90 16:00,394.91,148.08,148.34
15/03/90 17:00,164.48,56.741,56.74
15/03/90 18:00,0,0,0
15/03/90 19:00,0,0,0
15/03/90 20:00,0,0,0
15/03/90 21:00,0,0,0
15/03/90 22:00,0,0,0
15/03/90 23:00,0,0,0
16/03/90 00:00,0,0,0
16/03/90 01:00,0,0,0
16/03/90 02:00,0,0,0
16/03/90 03:00,0,0,0
16/03/90 04:00,0,0,0
16/03/90 05:00,0,0,0
16/03/90 06:00,0,0,0
16/03/90 07:00,104.64,90.605,90.468
16/03/90 08:00,317.63,218.48,218.09
16/03/90 09:00,574.08,312.43,311.94
16/03/90 10:00,716.84,408.43,407.83
16/03/90 11:00,840.09,438.42,437.97
16/03/90 12:00,830.42,515.29,513.64
16/03/90 13:00,790.43,481.04,479.95
16/03/90 14:00,643.75,397.15,397.16
16/03/90 15:00,535.8,322.21,322.42
16/03/90 16:00,367.26,185.99,186.23
16/03/90 17:00,137.61,75.462,75.656
16/03/90 18:00,0,0,0
16/03/90 19:00,0,0,0
16/03/90 20:00,0,0,0
16/03/90 21:00,0,0,0
16/03/90 22:00,0,0,0
16/03/90 23:00,0,0,0
17/03/90 00:00,0,0,0
17/03/90 01:00,0,0,0
17/03/90 02:00,0,0,0
17/03/90 03:00,0,0,0
17/03/90 04:00,0,0,0
17/03/90 05:00,0,0,0
17/03/90 06:00,0,0,0
17/03/90 07:00,105.61,94.393,94.228
17/03/90 08:00,238.21,224.17,223.65
17/03/90 09:00,375.83,289.37,289.08
17/03/90 10:00,452.73,388.51,387.17
17/03/90 11:00,514.51,433.47,432.05
17/03/90 12:00,510.59,436.2,435.14
17/03/90 13:00,541.21,440.41,440.13
17/03/90 14:00,452.02,359.04,359.12
17/03/90 15:00,363.75,273.62,273.84
17/03/90 16:00,217.33,161.54,161.74
17/03/90 17:00,78.759,57.729,57.849
17/03/90 18:00,0,0,0
17/03/90 19:00,0,0,0
17/03/90 20:00,0,0,0
17/03/90 21:00,0,0,0
17/03/90 22:00,0,0,0
17/03/90 23:00,0,0,0
18/03/90 00:00,0,0,0
18/03/90 01:00,0,0,0
18/03/90 02:00,0,0,0
18/03/90 03:00,0,0,0
18/03/90 04:00,0,0,0
18/03/90 05:00,0,0,0
18/03/90 06:00,0,7.3206,7.3776
18/03/90 07:00,137.67,182.95,178.55
18/03/90 08:00,345.8,355.37,350.7
18/03/90 09:00,538.49,522.87,517.44
18/03/90 10:00,766.15,752.94,745.11
18/03/90 11:00,877.49,860.79,853.12
18/03/90 12:00,886.89,836.84,830.68
18/03/90 13:00,868.84,806.45,801.85
18/03/90 14:00,699.49,722.37,719.7
18/03/90 15:00,557.59,552.25,551.68
18/03/90 16:00,325.19,314.18,314.71
18/03/90 17:00,115.48,126.3,127.2
18/03/90 18:00,0,0,0
18/03/90 19:00,0,0,0
18/03/90 20:00,0,0,0
18/03/90 21:00,0,0,0
18/03/90 22:00,0,0,0
18/03/90 23:00,0,0,0
19/03/90 00:00,0,0,0
19/03/90 01:00,0,0,0
19/03/90 02:00,0,0,0
19/03/90 03:00,0,0,0
19/03/90 04:00,0,0,0
19/03/90 05:00,0,0,0
19/03/90 06:00,0,0,0
19/03/90 07:00,75.313,163.17,160.94
19/03/90 08:00,303.6,333.46,330.55
19/03/90 09:00,387.83,517.92,513.58
19/03/90 10:00,475.4,653.47,648.03
19/03/90 11:00,732.54,786.06,780.14
19/03/90 12:00,1020.5,815.93,810.18
19/03/90 13:00,579.32,761.78,758.22
19/03/90 14:00,625.28,673.31,671.44
19/03/90 15:00,543.65,490.18,489.96
19/03/90 16:00,351.26,313.58,314.25
19/03/90 17:00,105.55,115.83,116.61
19/03/90 18:00,0,0,0
19/03/90 19:00,0,0,0
19/03/90 20:00,0,0,0
19/03/90 21:00,0,0,0
19/03/90 22:00,0,0,0
19/03/90 23:00,0,0,0
20/03/90 00:00,0,0,0
20/03/90 01:00,0,0,0
20/03/90 02:00,0,0,0
20/03/90 03:00,0,0,0
20/03/90 04:00,0,0,0
20/03/90 05:00,0,0,0
20/03/90 06:00,0,0,0
20/03/90 07:00,165.76,92.596,92.584
20/03/90 08:00,394.05,207.2,206.97
20/03/90 09:00,607.63,308.63,308.27
20/03/90 10:00,797.35,391.01,389.75
20/03/90 11:00,933.04,417.16,416.78
20/03/90 12:00,957.95,408.03,407.11
20/03/90 13:00,939.46,390.09,389.51
20/03/90 14:00,810.87,346.26,346.4
20/03/90 15:00,645.75,245.4,245.63
20/03/90 16:00,416.08,172.92,173.17
20/03/90 17:00,174.36,70.39,70.472
20/03/90 18:00,0,0,0
20/03/90 19:00,0,0,0
20/03/90 20:00,0,0,0
20/03/90 21:00,0,0,0
20/03/90 22:00,0,0,0
20/03/90 23:00,0,0,0
21/03/90 00:00,0,0,0
21/03/90 01:00,0,0,0
21/03/90 02:00,0,0,0
21/03/90 03:00,0,0,0
21/03/90 04:00,0,0,0
21/03/90 05:00,0,0,0
21/03/90 06:00,0,7.2972,7.3513
21/03/90 07:00,160.41,190.45,186.18
21/03/90 08:00,387.64,421.95,415.43
21/03/90 09:00,580.19,647.46,639.16
21/03/90 10:00,704.72,798.6,790.3
21/03/90 11:00,854.09,889.36,881.89
21/03/90 12:00,856.24,851.33,845.39
21/03/90 13:00,814.25,853.4,849.01
21/03/90 14:00,737.68,744.54,742.31
21/03/90 15:00,562.38,594.7,594.43
21/03/90 16:00,354.79,371.35,372.82
21/03/90 17:00,132.04,144.04,146.1
21/03/90 18:00,0,0,0
21/03/90 19:00,0,0,0
21/03/90 20:00,0,0,0
21/03/90 21:00,0,0,0
21/03/90 22:00,0,0,0
21/03/90 23:00,0,0,0
22/03/90 00:00,0,0,0
22/03/90 01:00,0,0,0
22/03/90 02:00,0,0,0
22/03/90 03:00,0,0,0
22/03/90 04:00,0,0,0
22/03/90 05:00,0,0,0
22/03/90 06:00,0,0,0
22/03/90 07:00,167.94,161.67,159.82
22/03/90 08:00,378.39,361.88,357.78
22/03/90 09:00,646.36,569.3,563.72
22/03/90 10:00,892.14,698.02,692.39
22/03/90 11:00,569.54,747.94,742.89
22/03/90 12:00,589.61,826.93,821.51
22/03/90 13:00,580.4,757.11,754.06
22/03/90 14:00,470.74,653.04,651.62
22/03/90 15:00,360.54,521.53,521.58
22/03/90 16:00,246.2,319.69,320.88
22/03/90 17:00,109.72,123.72,124.82
22/03/90 18:00,0,0,0
22/03/90 19:00,0,0,0
22/03/90 20:00,0,0,0
22/03/90 21:00,0,0,0
22/03/90 22:00,0,0,0
22/03/90 23:00,0,0,0
23/03/90 00:00,0,0,0
23/03/90 01:00,0,0,0
23/03/90 02:00,0,0,0
23/03/90 03:00,0,0,0
23/03/90 04:00,0,0,0
23/03/90 05:00,0,0,0
23/03/90 06:00,0,0,0
23/03/90 07:00,184.89,221.73,217.07
23/03/90 08:00,412.72,524.73,515.88
23/03/90 09:00,617.07,747.69,738.09
23/03/90 10:00,788.24,856.24,848.1
23/03/90 11:00,881.91,451.05,449.65
23/03/90 12:00,927.89,395.94,395.78
23/03/90 13:00,904.24,466.26,465.59
23/03/90 14:00,799.3,487.51,487.14
23/03/90 15:00,635.62,387.65,387.97
23/03/90 16:00,439.56,278.43,279.34
23/03/90 17:00,195.15,197.55,200.59
23/03/90 18:00,0,0,0
23/03/90 19:00,0,0,0
23/03/90 20:00,0,0,0
23/03/90 21:00,0,0,0
23/03/90 22:00,0,0,0
23/03/90 23:00,0,0,0
24/03/90 00:00,0,0,0
24/03/90 01:00,0,0,0
24/03/90 02:00,0,0,0
24/03/90 03:00,0,0,0
24/03/90 04:00,0,0,0
24/03/90 05:00,0,0,0
24/03/90 06:00,0,8.9672,9.0248
24/03/90 07:00,190.49,211.87,207.1
24/03/90 08:00,429.92,457.17,449.88
24/03/90 09:00,654.62,679.88,671.46
24/03/90 10:00,840.93,849.19,840.62
24/03/90 11:00,946.72,958.56,950.66
24/03/90 12:00,967.14,983.76,977.35
24/03/90 13:00,915.01,926.99,922.74
24/03/90 14:00,803.08,799.95,797.89
24/03/90 15:00,622.28,616.27,616.51
24/03/90 16:00,400.34,385.84,387.78
24/03/90 17:00,166.49,153.42,156.15
24/03/90 18:00,0,0,0
24/03/90 19:00,0,0,0
24/03/90 20:00,0,0,0
24/03/90 21:00,0,0,0
24/03/90 22:00,0,0,0
24/03/90 23:00,0,0,0
25/03/90 00:00,0,0,0
25/03/90 01:00,0,0,0
25/03/90 02:00,0,0,0
25/03/90 03:00,0,0,0
25/03/90 04:00,0,0,0
25/03/90 05:00,0,0,0
25/03/90 06:00,0,9.1731,9.2291
25/03/90 07:00,189.88,214.97,210.23
25/03/90 08:00,424.24,464.45,457.27
25/03/90 09:00,650.21,688.45,680.06
25/03/90 10:00,812.54,863.45,855.05
25/03/90 11:00,907.53,963.17,955.53
25/03/90 12:00,932.12,987.47,981.34
25/03/90 13:00,897.22,936.91,932.79
25/03/90 14:00,763.32,818.33,816.61
25/03/90 15:00,596.08,625.34,625.9
25/03/90 16:00,396.92,396.32,398.64
25/03/90 17:00,171.29,161.22,164.21
25/03/90 18:00,0,0,0
25/03/90 19:00,0,0,0
25/03/90 20:00,0,0,0
25/03/90 21:00,0,0,0
25/03/90 22:00,0,0,0
25/03/90 23:00,0,0,0
26/03/90 00:00,0,0,0
26/03/90 01:00,0,0,0
26/03/90 02:00,0,0,0
26/03/90 03:00,0,0,0
26/03/90 04:00,0,0,0
26/03/90 05:00,0,0,0
26/03/90 06:00,0,9.751,9.8086
26/03/90 07:00,205.9,208.85,204.74
26/03/90 08:00,478.31,452.51,445.74
26/03/90 09:00,685.84,679.01,671.08
26/03/90 10:00,884.11,839.28,831.51
26/03/90 11:00,546.39,943.59,936.53
26/03/90 12:00,571.03,969.24,963.62
26/03/90 13:00,528.36,922.46,918.79
26/03/90 14:00,461.47,798.64,797.09
26/03/90 15:00,368.89,614.56,615.2
26/03/90 16:00,195.25,387.44,389.83
26/03/90 17:00,52.361,149.43,152.22
26/03/90 18:00,0,0,0
26/03/90 19:00,0,0,0
26/03/90 20:00,0,0,0
26/03/90 21:00,0,0,0
26/03/90 22:00,0,0,0
26/03/90 23:00,0,0,0
27/03/90 00:00,0,0,0
27/03/90 01:00,0,0,0
27/03/90 02:00,0,0,0
27/03/90 03:00,0,0,0
27/03/90 04:00,0,0,0
27/03/90 05:00,0,0,0
27/03/90 06:00,0,9.8496,10.004
27/03/90 07:00,179.98,200.48,196.94
27/03/90 08:00,298.56,422.89,417.48
27/03/90 09:00,691.63,644.39,637.58
27/03/90 10:00,572.86,830.01,822.76
27/03/90 11:00,488.85,929.83,923.26
27/03/90 12:00,355.48,951.04,945.8
27/03/90 13:00,425.59,906.44,903.12
27/03/90 14:00,572.42,772.17,770.84
27/03/90 15:00,567.28,597.29,598.09
27/03/90 16:00,235.5,379.53,382.01
27/03/90 17:00,49.19,149.53,152.4
27/03/90 18:00,0,0,0
27/03/90 19:00,0,0,0
27/03/90 20:00,0,0,0
27/03/90 21:00,0,0,0
27/03/90 22:00,0,0,0
27/03/90 23:00,0,0,0
28/03/90 00:00,0,0,0
28/03/90 01:00,0,0,0
28/03/90 02:00,0,0,0
28/03/90 03:00,0,0,0
28/03/90 04:00,0,0,0
28/03/90 05:00,0,0,0
28/03/90 06:00,0,10.738,10.81
28/03/90 07:00,70.827,212.15,208.31
28/03/90 08:00,173.57,454.23,447.88
28/03/90 09:00,259.13,676.14,668.84
28/03/90 10:00,314.48,854.58,847.05
28/03/90 11:00,375.9,968.96,961.97
28/03/90 12:00,391.23,1002.4,996.89
28/03/90 13:00,348.64,961.29,957.88
28/03/90 14:00,288.53,835.15,834.08
28/03/90 15:00,227.3,644.7,646.02
28/03/90 16:00,139.02,407.93,411.08
28/03/90 17:00,57.22,162.61,165.97
28/03/90 18:00,0,0,0
28/03/90 19:00,0,0,0
28/03/90 20:00,0,0,0
28/03/90 21:00,0,0,0
28/03/90 22:00,0,0,0
28/03/90 23:00,0,0,0
29/03/90 00:00,0,0,0
29/03/90 01:00,0,0,0
29/03/90 02:00,0,0,0
29/03/90 03:00,0,0,0
29/03/90 04:00,0,0,0
29/03/90 05:00,0,0,0
29/03/90 06:00,3.6844,10.853,10.908
29/03/90 07:00,155.18,202,199.37
29/03/90 08:00,325.57,410.63,406.4
29/03/90 09:00,493.14,603.46,597.81
29/03/90 10:00,632.23,782.74,776.54
29/03/90 11:00,710.91,872.81,866.93
29/03/90 12:00,741.42,927.58,922.85
29/03/90 13:00,709.49,871.68,868.83
29/03/90 14:00,578.89,750.94,750.07
29/03/90 15:00,411.6,568.66,569.72
29/03/90 16:00,264.99,387.85,390.74
29/03/90 17:00,114.47,155.3,157.79
29/03/90 18:00,0,0,0
29/03/90 19:00,0,0,0
29/03/90 20:00,0,0,0
29/03/90 21:00,0,0,0
29/03/90 22:00,0,0,0
29/03/90 23:00,0,0,0
30/03/90 00:00,0,0,0
30/03/90 01:00,0,0,0
30/03/90 02:00,0,0,0
30/03/90 03:00,0,0,0
30/03/90 04:00,0,0,0
30/03/90 05:00,0,0,0
30/03/90 06:00,0,12.531,12.701
30/03/90 07:00,143.25,226.07,222.71
30/03/90 08:00,321.59,460.82,454.72
30/03/90 09:00,509.33,674.76,667.93
30/03/90 10:00,621.56,831.73,825.02
30/03/90 11:00,696.64,911.41,905.35
30/03/90 12:00,725.06,926.78,922.13
30/03/90 13:00,700.71,868.89,866.04
30/03/90 14:00,559.65,759.86,759.03
30/03/90 15:00,422.26,591.21,592.49
30/03/90 16:00,272.64,375.84,378.7
30/03/90 17:00,100.58,151.43,154.6
30/03/90 18:00,0,0,0
30/03/90 19:00,0,0,0
30/03/90 20:00,0,0,0
30/03/90 21:00,0,0,0
30/03/90 22:00,0,0,0
30/03/90 23:00,0,0,0
31/03/90 00:00,0,0,0
31/03/90 01:00,0,0,0
31/03/90 02:00,0,0,0
31/03/90 03:00,0,0,0
31/03/90 04:00,0,0,0
31/03/90 05:00,0,0,0
31/03/90 06:00,0,11.643,11.597
31/03/90 07:00,46.198,193.52,191.26
31/03/90 08:00,107.96,440.79,435.89
31/03/90 09:00,168.79,612.46,607.23
31/03/90 10:00,173.6,841.87,835.85
31/03/90 11:00,218.73,850.42,845.25
31/03/90 12:00,200.16,828.71,824.94
31/03/90 13:00,235.5,746.33,744.41
31/03/90 14:00,196.64,668.93,668.59
31/03/90 15:00,156.04,559.75,561.17
31/03/90 16:00,108.93,377.06,380.12
31/03/90 17:00,40.65,136.41,138.79
31/03/90 18:00,0,0,0
31/03/90 19:00,0,0,0
31/03/90 20:00,0,0,0
31/03/90 21:00,0,0,0
31/03/90 22:00,0,0,0
31/03/90 23:00,0,0,0
1/4/1990 0:00,0,0,0
1/4/1990 1:00,0,0,0
1/4/1990 2:00,0,0,0
1/4/1990 3:00,0,0,0
1/4/1990 4:00,0,0,0
1/4/1990 5:00,0,0,0
1/4/1990 6:00,7.9137,13.83,13.884
1/4/1990 7:00,180.02,253.65,249.88
1/4/1990 8:00,413,509.2,502.66
1/4/1990 9:00,636.23,749.86,742.57
1/4/1990 10:00,842.97,921.8,914.53
1/4/1990 11:00,877.53,630.02,627.71
1/4/1990 12:00,956.17,647.78,646.06
1/4/1990 13:00,806.82,599.41,598.54
1/4/1990 14:00,684.99,507.31,507.56
1/4/1990 15:00,499.69,403.65,404.43
1/4/1990 16:00,340.58,242.9,243.85
1/4/1990 17:00,125.75,94.953,95.579
1/4/1990 18:00,0,0,0
1/4/1990 19:00,0,0,0
1/4/1990 20:00,0,0,0
1/4/1990 21:00,0,0,0
1/4/1990 22:00,0,0,0
1/4/1990 23:00,0,0,0
2/4/1990 0:00,0,0,0
2/4/1990 1:00,0,0,0
2/4/1990 2:00,0,0,0
2/4/1990 3:00,0,0,0
2/4/1990 4:00,0,0,0
2/4/1990 5:00,0,0,0
2/4/1990 6:00,9.7112,14.735,14.788
2/4/1990 7:00,200.19,276.42,272.56
2/4/1990 8:00,417.69,559.36,552.42
2/4/1990 9:00,593.72,785.39,777.91
2/4/1990 10:00,777.1,961.36,954.13
2/4/1990 11:00,917.49,539.83,538.61
2/4/1990 12:00,931.21,541.62,540.82
2/4/1990 13:00,905.82,518.81,518.5
2/4/1990 14:00,758.3,455.45,455.72
2/4/1990 15:00,604.77,311.74,312.39
2/4/1990 16:00,409.7,167.92,168.36
2/4/1990 17:00,171.12,69.386,69.498
2/4/1990 18:00,0,0,0
2/4/1990 19:00,0,0,0
2/4/1990 20:00,0,0,0
2/4/1990 21:00,0,0,0
2/4/1990 22:00,0,0,0
2/4/1990 23:00,0,0,0
3/4/1990 0:00,0,0,0
3/4/1990 1:00,0,0,0
3/4/1990 2:00,0,0,0
3/4/1990 3:00,0,0,0
3/4/1990 4:00,0,0,0
3/4/1990 5:00,0,0,0
3/4/1990 6:00,11.489,13.04,13.091
3/4/1990 7:00,257.95,215.5,213.17
3/4/1990 8:00,549.04,428.92,424.72
3/4/1990 9:00,745.27,611.57,606.75
3/4/1990 10:00,1009.8,777.38,772.13
3/4/1990 11:00,668.25,868.11,863.46
3/4/1990 12:00,521.73,850.94,847.62
3/4/1990 13:00,573.88,860.8,859.27
3/4/1990 14:00,512.32,730.47,730.65
3/4/1990 15:00,451.69,583.93,586.13
3/4/1990 16:00,211.74,393.5,397.58
3/4/1990 17:00,103.64,164.21,168.51
3/4/1990 18:00,0,0,0
3/4/1990 19:00,0,0,0
3/4/1990 20:00,0,0,0
3/4/1990 21:00,0,0,0
3/4/1990 22:00,0,0,0
3/4/1990 23:00,0,0,0
4/4/1990 0:00,0,0,0
4/4/1990 1:00,0,0,0
4/4/1990 2:00,0,0,0
4/4/1990 3:00,0,0,0
4/4/1990 4:00,0,0,0
4/4/1990 5:00,0,0,0
4/4/1990 6:00,10.893,15.623,15.674
4/4/1990 7:00,265.67,266.55,263.1
4/4/1990 8:00,541.59,522.82,516.85
4/4/1990 9:00,811.1,749.2,742.65
4/4/1990 10:00,1010.9,917.95,911.42
4/4/1990 11:00,592.15,1016.8,1011.4
4/4/1990 12:00,575.99,1041.3,1037.6
4/4/1990 13:00,563.72,987.34,985.78
4/4/1990 14:00,484.46,859.39,860.13
4/4/1990 15:00,373.44,663.53,666.6
4/4/1990 16:00,229.72,420.3,425.05
4/4/1990 17:00,90.942,169.88,174.86
4/4/1990 18:00,0,0,0
4/4/1990 19:00,0,0,0
4/4/1990 20:00,0,0,0
4/4/1990 21:00,0,0,0
4/4/1990 22:00,0,0,0
4/4/1990 23:00,0,0,0
5/4/1990 0:00,0,0,0
5/4/1990 1:00,0,0,0
5/4/1990 2:00,0,0,0
5/4/1990 3:00,0,0,0
5/4/1990 4:00,0,0,0
5/4/1990 5:00,0,0,0
5/4/1990 6:00,14.37,15.623,15.673
5/4/1990 7:00,255.16,241.88,238.96
5/4/1990 8:00,517.13,475.06,469.96
5/4/1990 9:00,815.5,687.94,682.19
5/4/1990 10:00,1003.3,852.76,847.1
5/4/1990 11:00,382.97,936.73,932.08
5/4/1990 12:00,421.88,957.74,954.41
5/4/1990 13:00,491.51,910.95,909.59
5/4/1990 14:00,434.33,813.35,814.15
5/4/1990 15:00,436.84,629.52,632.49
5/4/1990 16:00,313.72,401.76,406.3
5/4/1990 17:00,172.85,165.51,170.34
5/4/1990 18:00,8.7192,0,0
5/4/1990 19:00,0,0,0
5/4/1990 20:00,0,0,0
5/4/1990 21:00,0,0,0
5/4/1990 22:00,0,0,0
5/4/1990 23:00,0,0,0
6/4/1990 0:00,0,0,0
6/4/1990 1:00,0,0,0
6/4/1990 2:00,0,0,0
6/4/1990 3:00,0,0,0
6/4/1990 4:00,0,0,0
6/4/1990 5:00,0,0,0
6/4/1990 6:00,10.297,17.515,17.564
6/4/1990 7:00,168.67,211.12,209.22
6/4/1990 8:00,414.19,439.52,435.58
6/4/1990 9:00,544.2,623.17,618.6
6/4/1990 10:00,723.21,820.12,815.25
6/4/1990 11:00,786.8,913.75,909.44
6/4/1990 12:00,809.3,927.38,924.43
6/4/1990 13:00,808.64,826.53,825.29
6/4/1990 14:00,659.04,707.29,707.72
6/4/1990 15:00,547,562.86,565.07
6/4/1990 16:00,339.41,362.79,366.37
6/4/1990 17:00,155.64,134.21,137.06
6/4/1990 18:00,0,0,0
6/4/1990 19:00,0,0,0
6/4/1990 20:00,0,0,0
6/4/1990 21:00,0,0,0
6/4/1990 22:00,0,0,0
6/4/1990 23:00,0,0,0
7/4/1990 0:00,0,0,0
7/4/1990 1:00,0,0,0
7/4/1990 2:00,0,0,0
7/4/1990 3:00,0,0,0
7/4/1990 4:00,0,0,0
7/4/1990 5:00,0,0,0
7/4/1990 6:00,11.592,13.83,13.876
7/4/1990 7:00,205.38,179.67,178.55
7/4/1990 8:00,432.83,384.04,382.11
7/4/1990 9:00,647.43,565.99,562.78
7/4/1990 10:00,811.81,719.55,716.1
7/4/1990 11:00,916.57,786.52,783.41
7/4/1990 12:00,970.48,802.36,800.36
7/4/1990 13:00,939.59,762.9,762.22
7/4/1990 14:00,838.44,666.35,667.1
7/4/1990 15:00,668.56,484.36,486.08
7/4/1990 16:00,432.78,297.31,299.23
7/4/1990 17:00,183.61,117.63,119.24
7/4/1990 18:00,0,0,0
7/4/1990 19:00,0,0,0
7/4/1990 20:00,0,0,0
7/4/1990 21:00,0,0,0
7/4/1990 22:00,0,0,0
7/4/1990 23:00,0,0,0
8/4/1990 0:00,0,0,0
8/4/1990 1:00,0,0,0
8/4/1990 2:00,0,0,0
8/4/1990 3:00,0,0,0
8/4/1990 4:00,0,0,0
8/4/1990 5:00,0,0,0
8/4/1990 6:00,12.274,9.356,9.3915
8/4/1990 7:00,211.08,150.43,149.99
8/4/1990 8:00,421.02,278.34,277.71
8/4/1990 9:00,596.39,520.37,518.14
8/4/1990 10:00,758.7,362.46,361.97
8/4/1990 11:00,900.96,693.56,691.04
8/4/1990 12:00,894.06,638.42,637.22
8/4/1990 13:00,896.55,236.6,236.88
8/4/1990 14:00,768.66,353.66,354.22
8/4/1990 15:00,588.78,283.2,283.85
8/4/1990 16:00,405.76,254.17,255.71
8/4/1990 17:00,175,13.928,13.912
8/4/1990 18:00,0,0,0
8/4/1990 19:00,0,0,0
8/4/1990 20:00,0,0,0
8/4/1990 21:00,0,0,0
8/4/1990 22:00,0,0,0
8/4/1990 23:00,0,0,0
9/4/1990 0:00,0,0,0
9/4/1990 1:00,0,0,0
9/4/1990 2:00,0,0,0
9/4/1990 3:00,0,0,0
9/4/1990 4:00,0,0,0
9/4/1990 5:00,0,0,0
9/4/1990 6:00,12.785,11.149,11.187
9/4/1990 7:00,224.93,143.06,142.7
9/4/1990 8:00,437.41,183.57,183.67
9/4/1990 9:00,646.31,480.43,478.6
9/4/1990 10:00,830.19,342.69,342.77
9/4/1990 11:00,923.05,506.48,505.79
9/4/1990 12:00,957.86,441.91,442.01
9/4/1990 13:00,924.42,412,412.16
9/4/1990 14:00,826.48,448.06,448.64
9/4/1990 15:00,645.26,243.21,243.64
9/4/1990 16:00,432.32,223.22,224.24
9/4/1990 17:00,194.74,78.659,78.884
9/4/1990 18:00,0,0,0
9/4/1990 19:00,0,0,0
9/4/1990 20:00,0,0,0
9/4/1990 21:00,0,0,0
9/4/1990 22:00,0,0,0
9/4/1990 23:00,0,0,0
10/4/1990 0:00,0,0,0
10/4/1990 1:00,0,0,0
10/4/1990 2:00,0,0,0
10/4/1990 3:00,0,0,0
10/4/1990 4:00,0,0,0
10/4/1990 5:00,0,0,0
10/4/1990 6:00,12.871,18.913,19.057
10/4/1990 7:00,199.65,256.7,254.21
10/4/1990 8:00,412.8,504.96,500.41
10/4/1990 9:00,609.02,728.6,723.31
10/4/1990 10:00,764.66,896.7,891.58
10/4/1990 11:00,791.26,994.41,990.27
10/4/1990 12:00,822.7,1019.9,1017.4
10/4/1990 13:00,731.23,968.83,968.57
10/4/1990 14:00,651.24,849.83,851.85
10/4/1990 15:00,456.62,663.31,667.66
10/4/1990 16:00,287.2,422,427.87
10/4/1990 17:00,104.33,172.51,178.05
10/4/1990 18:00,0,0,0
10/4/1990 19:00,0,0,0
10/4/1990 20:00,0,0,0
10/4/1990 21:00,0,0,0
10/4/1990 22:00,0,0,0
10/4/1990 23:00,0,0,0
11/4/1990 0:00,0,0,0
11/4/1990 1:00,0,0,0
11/4/1990 2:00,0,0,0
11/4/1990 3:00,0,0,0
11/4/1990 4:00,0,0,0
11/4/1990 5:00,0,0,0
11/4/1990 6:00,10.093,19.407,19.452
11/4/1990 7:00,146.87,247.31,245.14
11/4/1990 8:00,275.45,476.68,472.74
11/4/1990 9:00,394.22,680.43,676.04
11/4/1990 10:00,451.8,837.64,833.32
11/4/1990 11:00,504.32,928.66,925.05
11/4/1990 12:00,529.63,954.43,952.3
11/4/1990 13:00,552.31,923.44,923.21
11/4/1990 14:00,476.53,814.14,816.15
11/4/1990 15:00,340.78,642.5,646.76
11/4/1990 16:00,239.77,420.66,426.79
11/4/1990 17:00,92.523,177.65,184.21
11/4/1990 18:00,0,0,0
11/4/1990 19:00,0,0,0
11/4/1990 20:00,0,0,0
11/4/1990 21:00,0,0,0
11/4/1990 22:00,0,0,0
11/4/1990 23:00,0,0,0
12/4/1990 0:00,0,0,0
12/4/1990 1:00,0,0,0
12/4/1990 2:00,0,0,0
12/4/1990 3:00,0,0,0
12/4/1990 4:00,0,0,0
12/4/1990 5:00,0,0,0
12/4/1990 6:00,8.5093,8.1555,8.1828
12/4/1990 7:00,118.16,236.22,234.69
12/4/1990 8:00,245.34,493.96,490.32
12/4/1990 9:00,346.79,795.45,790.23
12/4/1990 10:00,431.32,1056.5,1051.2
12/4/1990 11:00,447.04,573.43,572.23
12/4/1990 12:00,480.57,490.6,490.4
12/4/1990 13:00,498.57,435.78,436.05
12/4/1990 14:00,394.2,375.31,375.98
12/4/1990 15:00,297.78,265.25,265.89
12/4/1990 16:00,183.71,166.14,166.63
12/4/1990 17:00,77.456,50.371,50.452
12/4/1990 18:00,0,0,0
12/4/1990 19:00,0,0,0
12/4/1990 20:00,0,0,0
12/4/1990 21:00,0,0,0
12/4/1990 22:00,0,0,0
12/4/1990 23:00,0,0,0
13/04/90 00:00,0,0,0
13/04/90 01:00,0,0,0
13/04/90 02:00,0,0,0
13/04/90 03:00,0,0,0
13/04/90 04:00,0,0,0
13/04/90 05:00,0,0,0
13/04/90 06:00,15.752,26.169,26.327
13/04/90 07:00,266.03,324.81,322.07
13/04/90 08:00,525.43,614.27,609.41
13/04/90 09:00,758.21,789.86,784.9
13/04/90 10:00,933.75,870.96,867.05
13/04/90 11:00,1039.2,511.66,510.69
13/04/90 12:00,1068.3,669.3,668.62
13/04/90 13:00,1022.3,540.6,540.88
13/04/90 14:00,899.87,582.23,583.54
13/04/90 15:00,709.89,420.42,422.11
13/04/90 16:00,465.68,255,256.73
13/04/90 17:00,203.11,144.31,147.91
13/04/90 18:00,0,0,0
13/04/90 19:00,0,0,0
13/04/90 20:00,0,0,0
13/04/90 21:00,0,0,0
13/04/90 22:00,0,0,0
13/04/90 23:00,0,0,0
14/04/90 00:00,0,0,0
14/04/90 01:00,0,0,0
14/04/90 02:00,0,0,0
14/04/90 03:00,0,0,0
14/04/90 04:00,0,0,0
14/04/90 05:00,0,0,0
14/04/90 06:00,16.741,19.11,19.152
14/04/90 07:00,221.83,208.45,207.25
14/04/90 08:00,450.13,402.11,400.07
14/04/90 09:00,651.53,577.49,575.04
14/04/90 10:00,807.85,709.87,707.37
14/04/90 11:00,879.49,790.44,788.3
14/04/90 12:00,936.14,772.94,771.95
14/04/90 13:00,876.7,735.15,735.38
14/04/90 14:00,774.93,611.99,613.38
14/04/90 15:00,590.37,475.86,478.15
14/04/90 16:00,391.5,281.93,284.17
14/04/90 17:00,176.61,110.83,112.41
14/04/90 18:00,0,0,0
14/04/90 19:00,0,0,0
14/04/90 20:00,0,0,0
14/04/90 21:00,0,0,0
14/04/90 22:00,0,0,0
14/04/90 23:00,0,0,0
15/04/90 00:00,0,0,0
15/04/90 01:00,0,0,0
15/04/90 02:00,0,0,0
15/04/90 03:00,0,0,0
15/04/90 04:00,0,0,0
15/04/90 05:00,0,0,0
15/04/90 06:00,12.581,23.092,23.134
15/04/90 07:00,152.63,264.61,262.69
15/04/90 08:00,311.29,505.13,501.53
15/04/90 09:00,488.95,715.12,711.01
15/04/90 10:00,572.17,882.66,878.74
15/04/90 11:00,653.54,977.09,974.15
15/04/90 12:00,661.59,1005.6,1004.4
15/04/90 13:00,559.45,949.02,949.7
15/04/90 14:00,471.84,815.24,817.95
15/04/90 15:00,385.46,633.27,638.13
15/04/90 16:00,248.91,398.59,404.53
15/04/90 17:00,96.694,162.21,167.97
15/04/90 18:00,0,0,0
15/04/90 19:00,0,0,0
15/04/90 20:00,0,0,0
15/04/90 21:00,0,0,0
15/04/90 22:00,0,0,0
15/04/90 23:00,0,0,0
16/04/90 00:00,0,0,0
16/04/90 01:00,0,0,0
16/04/90 02:00,0,0,0
16/04/90 03:00,0,0,0
16/04/90 04:00,0,0,0
16/04/90 05:00,0,0,0
16/04/90 06:00,0,23.191,23.233
16/04/90 07:00,129.86,252.34,250.65
16/04/90 08:00,342.48,488.87,485.72
16/04/90 09:00,275.46,690.94,687.31
16/04/90 10:00,489,859.08,855.73
16/04/90 11:00,602.99,931.14,928.54
16/04/90 12:00,921.72,956.63,955.54
16/04/90 13:00,727.95,890.21,890.8
16/04/90 14:00,569.97,775.32,777.88
16/04/90 15:00,414.38,575.03,578.98
16/04/90 16:00,402.1,361.28,366.11
16/04/90 17:00,191.62,140.15,144.3
16/04/90 18:00,10.017,0,0
16/04/90 19:00,0,0,0
16/04/90 20:00,0,0,0
16/04/90 21:00,0,0,0
16/04/90 22:00,0,0,0
16/04/90 23:00,0,0,0
17/04/90 00:00,0,0,0
17/04/90 01:00,0,0,0
17/04/90 02:00,0,0,0
17/04/90 03:00,0,0,0
17/04/90 04:00,0,0,0
17/04/90 05:00,0,0,0
17/04/90 06:00,10.503,22.088,22.146
17/04/90 07:00,172.29,281.19,279.6
17/04/90 08:00,416.2,463.23,460.79
17/04/90 09:00,424.14,694.32,691.17
17/04/90 10:00,500.57,808.73,806.1
17/04/90 11:00,629.4,730.33,728.92
17/04/90 12:00,976.55,837.7,837.09
17/04/90 13:00,804.45,818.45,819.32
17/04/90 14:00,732.54,281.14,280.98
17/04/90 15:00,612.79,243.41,243.6
17/04/90 16:00,409.32,119.29,119.26
17/04/90 17:00,174.41,103.34,104.87
17/04/90 18:00,0,0,0
17/04/90 19:00,0,0,0
17/04/90 20:00,0,0,0
17/04/90 21:00,0,0,0
17/04/90 22:00,0,0,0
17/04/90 23:00,0,0,0
18/04/90 00:00,0,0,0
18/04/90 01:00,0,0,0
18/04/90 02:00,0,0,0
18/04/90 03:00,0,0,0
18/04/90 04:00,0,0,0
18/04/90 05:00,0,0,0
18/04/90 06:00,18.532,12.843,12.872
18/04/90 07:00,244.36,117.31,117.42
18/04/90 08:00,484.4,220.47,220.6
18/04/90 09:00,704.67,312.24,312.47
18/04/90 10:00,860.41,391.2,391.25
18/04/90 11:00,942.36,407.43,407.7
18/04/90 12:00,991.65,433.51,433.5
18/04/90 13:00,961.64,391.22,391.63
18/04/90 14:00,844.91,336.89,337.47
18/04/90 15:00,666.41,268.84,269.58
18/04/90 16:00,433.26,178.9,179.47
18/04/90 17:00,191.8,70.49,70.652
18/04/90 18:00,0,0,0
18/04/90 19:00,0,0,0
18/04/90 20:00,0,0,0
18/04/90 21:00,0,0,0
18/04/90 22:00,0,0,0
18/04/90 23:00,0,0,0
19/04/90 00:00,0,0,0
19/04/90 01:00,0,0,0
19/04/90 02:00,0,0,0
19/04/90 03:00,0,0,0
19/04/90 04:00,0,0,0
19/04/90 05:00,0,0,0
19/04/90 06:00,17.832,27.074,27.117
19/04/90 07:00,235.59,241.11,240.06
19/04/90 08:00,452.48,431.38,429.53
19/04/90 09:00,641.29,599.27,597.12
19/04/90 10:00,769.41,777.67,775.04
19/04/90 11:00,881.68,851.15,849.29
19/04/90 12:00,917.81,879.11,878.58
19/04/90 13:00,892.55,885.17,886.53
19/04/90 14:00,803.92,749.65,752.63
19/04/90 15:00,608.26,522.65,525.95
19/04/90 16:00,377.05,297.31,299.82
19/04/90 17:00,160.87,124.41,126.61
19/04/90 18:00,0,0,0
19/04/90 19:00,0,0,0
19/04/90 20:00,0,0,0
19/04/90 21:00,0,0,0
19/04/90 22:00,0,0,0
19/04/90 23:00,0,0,0
20/04/90 00:00,0,0,0
20/04/90 01:00,0,0,0
20/04/90 02:00,0,0,0
20/04/90 03:00,0,0,0
20/04/90 04:00,0,0,0
20/04/90 05:00,0,0,0
20/04/90 06:00,17.338,28.259,28.418
20/04/90 07:00,186.07,228.44,227.54
20/04/90 08:00,368.88,413.81,412.18
20/04/90 09:00,542.7,622.52,620.47
20/04/90 10:00,660.51,765.67,763.35
20/04/90 11:00,753.05,813.6,811.95
20/04/90 12:00,757.74,853.73,853.36
20/04/90 13:00,717.33,848.81,850.21
20/04/90 14:00,599.3,660.85,663.05
20/04/90 15:00,426.9,536.97,540.86
20/04/90 16:00,266.39,352.49,357.59
20/04/90 17:00,104.22,172.72,178.87
20/04/90 18:00,0,0,0
20/04/90 19:00,0,0,0
20/04/90 20:00,0,0,0
20/04/90 21:00,0,0,0
20/04/90 22:00,0,0,0
20/04/90 23:00,0,0,0
21/04/90 00:00,0,0,0
21/04/90 01:00,0,0,0
21/04/90 02:00,0,0,0
21/04/90 03:00,0,0,0
21/04/90 04:00,0,0,0
21/04/90 05:00,0,0,0
21/04/90 06:00,0,28.67,28.812
21/04/90 07:00,109.87,264.54,263.4
21/04/90 08:00,236.94,490.08,487.8
21/04/90 09:00,243.58,678.15,675.55
21/04/90 10:00,312.99,807.57,805.1
21/04/90 11:00,360.76,876.62,874.86
21/04/90 12:00,447.1,902.41,902.11
21/04/90 13:00,531.75,840.64,841.9
21/04/90 14:00,331.29,748.45,751.62
21/04/90 15:00,162.69,568.25,572.9
21/04/90 16:00,140.31,344,348.83
21/04/90 17:00,74.675,140.25,144.73
21/04/90 18:00,0,0,0
21/04/90 19:00,0,0,0
21/04/90 20:00,0,0,0
21/04/90 21:00,0,0,0
21/04/90 22:00,0,0,0
21/04/90 23:00,0,0,0
22/04/90 00:00,0,0,0
22/04/90 01:00,0,0,0
22/04/90 02:00,0,0,0
22/04/90 03:00,0,0,0
22/04/90 04:00,0,0,0
22/04/90 05:00,0,0,0
22/04/90 06:00,18.429,29.065,29.109
22/04/90 07:00,215.86,254.6,253.82
22/04/90 08:00,442.16,471.65,469.68
22/04/90 09:00,643.84,658.48,656.04
22/04/90 10:00,757.47,788.75,786.55
22/04/90 11:00,857.84,914.96,913.64
22/04/90 12:00,885.21,916.59,916.46
22/04/90 13:00,798.61,863.1,864.71
22/04/90 14:00,664.72,740.95,744.28
22/04/90 15:00,528.62,580.91,585.99
22/04/90 16:00,314.1,357.58,363.01
22/04/90 17:00,87.166,146.35,151.1
22/04/90 18:00,0,0,0
22/04/90 19:00,0,0,0
22/04/90 20:00,0,0,0
22/04/90 21:00,0,0,0
22/04/90 22:00,0,0,0
22/04/90 23:00,0,0,0
23/04/90 00:00,0,0,0
23/04/90 01:00,0,0,0
23/04/90 02:00,0,0,0
23/04/90 03:00,0,0,0
23/04/90 04:00,0,0,0
23/04/90 05:00,0,0,0
23/04/90 06:00,19.623,32.044,32.108
23/04/90 07:00,230.96,197.56,197.22
23/04/90 08:00,433.71,315.9,315.61
23/04/90 09:00,608,315.32,315.63
23/04/90 10:00,708.77,564.25,563.49
23/04/90 11:00,776.84,344.68,344.71
23/04/90 12:00,828.3,522.77,522.97
23/04/90 13:00,707.53,646.96,648.01
23/04/90 14:00,645.39,610.8,613.08
23/04/90 15:00,509.35,566.94,571.64
23/04/90 16:00,292.06,416.71,424
23/04/90 17:00,110.24,141.22,145.45
23/04/90 18:00,0,0,0
23/04/90 19:00,0,0,0
23/04/90 20:00,0,0,0
23/04/90 21:00,0,0,0
23/04/90 22:00,0,0,0
23/04/90 23:00,0,0,0
24/04/90 00:00,0,0,0
24/04/90 01:00,0,0,0
24/04/90 02:00,0,0,0
24/04/90 03:00,0,0,0
24/04/90 04:00,0,0,0
24/04/90 05:00,0,0,0
24/04/90 06:00,21.311,17.119,17.148
24/04/90 07:00,228.84,138.75,138.87
24/04/90 08:00,469.29,248.49,248.66
24/04/90 09:00,660.67,361.81,361.66
24/04/90 10:00,796.63,429.64,429.52
24/04/90 11:00,849.78,476.24,476.24
24/04/90 12:00,888.46,453.4,453.93
24/04/90 13:00,892.66,444.93,445.58
24/04/90 14:00,797.34,415.91,416.92
24/04/90 15:00,608.7,289.29,290.1
24/04/90 16:00,402.11,175.11,175.68
24/04/90 17:00,175.28,66.208,66.422
24/04/90 18:00,0,0,0
24/04/90 19:00,0,0,0
24/04/90 20:00,0,0,0
24/04/90 21:00,0,0,0
24/04/90 22:00,0,0,0
24/04/90 23:00,0,0,0
25/04/90 00:00,0,0,0
25/04/90 01:00,0,0,0
25/04/90 02:00,0,0,0
25/04/90 03:00,0,0,0
25/04/90 04:00,0,0,0
25/04/90 05:00,0,0,0
25/04/90 06:00,23.786,25.872,26.028
25/04/90 07:00,268.11,270.25,269.59
25/04/90 08:00,509.51,492.51,490.83
25/04/90 09:00,722.14,662.18,660.42
25/04/90 10:00,885.03,737.55,736.3
25/04/90 11:00,977.56,753.22,752.51
25/04/90 12:00,996.78,725.28,725.51
25/04/90 13:00,944.06,701.59,702.89
25/04/90 14:00,823.46,620.78,623.22
25/04/90 15:00,646.07,509.56,513.49
25/04/90 16:00,418.65,348.59,354.11
25/04/90 17:00,181.47,141.96,146.83
25/04/90 18:00,0,0,0
25/04/90 19:00,0,0,0
25/04/90 20:00,0,0,0
25/04/90 21:00,0,0,0
25/04/90 22:00,0,0,0
25/04/90 23:00,0,0,0
26/04/90 00:00,0,0,0
26/04/90 01:00,0,0,0
26/04/90 02:00,0,0,0
26/04/90 03:00,0,0,0
26/04/90 04:00,0,0,0
26/04/90 05:00,0,0,0
26/04/90 06:00,7.4214,28.16,28.219
26/04/90 07:00,19.028,133.16,133.31
26/04/90 08:00,193.05,418.52,417.69
26/04/90 09:00,358.86,448.48,447.91
26/04/90 10:00,487.16,133.69,133.88
26/04/90 11:00,758.78,86.482,86.598
26/04/90 12:00,719.3,375.22,375.54
26/04/90 13:00,700.56,394.49,395.09
26/04/90 14:00,561.73,678.92,682.09
26/04/90 15:00,492.6,478.67,481.95
26/04/90 16:00,338.54,313.79,317.33
26/04/90 17:00,146.26,121.21,123.74
26/04/90 18:00,0,0,0
26/04/90 19:00,0,0,0
26/04/90 20:00,0,0,0
26/04/90 21:00,0,0,0
26/04/90 22:00,0,0,0
26/04/90 23:00,0,0,0
27/04/90 00:00,0,0,0
27/04/90 01:00,0,0,0
27/04/90 02:00,0,0,0
27/04/90 03:00,0,0,0
27/04/90 04:00,0,0,0
27/04/90 05:00,0,0,0
27/04/90 06:00,11.987,15.03,15.052
27/04/90 07:00,113.54,122.38,122.55
27/04/90 08:00,221,239.72,239.94
27/04/90 09:00,292.44,352.44,352.69
27/04/90 10:00,393.54,433.74,433.71
27/04/90 11:00,485.69,459.15,459.26
27/04/90 12:00,474.59,474.31,474.62
27/04/90 13:00,482.55,449.18,449.89
27/04/90 14:00,434.96,369.52,370.33
27/04/90 15:00,303.92,271.43,272.19
27/04/90 16:00,168.9,173.93,174.59
27/04/90 17:00,64.856,64.512,64.63
27/04/90 18:00,0,0,0
27/04/90 19:00,0,0,0
27/04/90 20:00,0,0,0
27/04/90 21:00,0,0,0
27/04/90 22:00,0,0,0
27/04/90 23:00,0,0,0
28/04/90 00:00,0,0,0
28/04/90 01:00,0,0,0
28/04/90 02:00,0,0,0
28/04/90 03:00,0,0,0
28/04/90 04:00,0,0,0
28/04/90 05:00,0,0,0
28/04/90 06:00,19.026,27.962,28.021
28/04/90 07:00,178.14,228.46,228.13
28/04/90 08:00,374.04,454.06,453.04
28/04/90 09:00,530.58,633.22,631.76
28/04/90 10:00,731.84,759.6,758.38
28/04/90 11:00,795.63,807.23,806.78
28/04/90 12:00,773.87,812.37,813.21
28/04/90 13:00,765.52,785.83,787.96
28/04/90 14:00,489,628.18,631.05
28/04/90 15:00,389.58,493.78,497.69
28/04/90 16:00,256.91,310.8,314.34
28/04/90 17:00,92.223,113.13,115.46
28/04/90 18:00,0,0,0
28/04/90 19:00,0,0,0
28/04/90 20:00,0,0,0
28/04/90 21:00,0,0,0
28/04/90 22:00,0,0,0
28/04/90 23:00,0,0,0
29/04/90 00:00,0,0,0
29/04/90 01:00,0,0,0
29/04/90 02:00,0,0,0
29/04/90 03:00,0,0,0
29/04/90 04:00,0,0,0
29/04/90 05:00,0,0,0
29/04/90 06:00,13.18,57.059,57.281
29/04/90 07:00,119.22,222.14,221.94
29/04/90 08:00,255.55,431.91,431.17
29/04/90 09:00,335.85,675.17,673.8
29/04/90 10:00,413.03,789.66,788.65
29/04/90 11:00,451.67,833.62,833.21
29/04/90 12:00,435.93,776.82,777.38
29/04/90 13:00,454.46,761.52,763.4
29/04/90 14:00,387.99,736.66,740.99
29/04/90 15:00,285.92,591.59,598.1
29/04/90 16:00,185.39,357.09,363.46
29/04/90 17:00,83.504,154.84,160.51
29/04/90 18:00,0,0,0
29/04/90 19:00,0,0,0
29/04/90 20:00,0,0,0
29/04/90 21:00,0,0,0
29/04/90 22:00,0,0,0
29/04/90 23:00,0,0,0
30/04/90 00:00,0,0,0
30/04/90 01:00,0,0,0
30/04/90 02:00,0,0,0
30/04/90 03:00,0,0,0
30/04/90 04:00,0,0,0
30/04/90 05:00,0,0,0
30/04/90 06:00,15.651,67.599,67.823
30/04/90 07:00,131.35,235.51,235.45
30/04/90 08:00,250.47,392.77,392.42
30/04/90 09:00,354.47,569.73,568.92
30/04/90 10:00,401.1,691.61,690.98
30/04/90 11:00,490.57,792.34,792.22
30/04/90 12:00,504.54,790.81,791.71
30/04/90 13:00,460.72,719.98,721.95
30/04/90 14:00,378.43,599.01,601.82
30/04/90 15:00,267.93,448.58,451.6
30/04/90 16:00,184.69,296.31,299.56
30/04/90 17:00,88.359,111.74,113.75
30/04/90 18:00,0,0,0
30/04/90 19:00,0,0,0
30/04/90 20:00,0,0,0
30/04/90 21:00,0,0,0
30/04/90 22:00,0,0,0
30/04/90 23:00,0,0,0
1/5/1990 0:00,0,0,0
1/5/1990 1:00,0,0,0
1/5/1990 2:00,0,0,0
1/5/1990 3:00,0,0,0
1/5/1990 4:00,0,0,0
1/5/1990 5:00,0,0,0
1/5/1990 6:00,35.906,74.211,74.49
1/5/1990 7:00,291.43,276.92,276.51
1/5/1990 8:00,542.16,511.17,510.03
1/5/1990 9:00,556.96,717.54,716.06
1/5/1990 10:00,687.25,854.38,853.26
1/5/1990 11:00,850.47,939.24,938.97
1/5/1990 12:00,657.09,966.19,967.71
1/5/1990 13:00,135.87,904.1,907.19
1/5/1990 14:00,70.084,771.08,775.93
1/5/1990 15:00,166.47,599.99,606.56
1/5/1990 16:00,108.74,381.14,388.59
1/5/1990 17:00,17.743,157.73,164.4
1/5/1990 18:00,0,0,0
1/5/1990 19:00,0,0,0
1/5/1990 20:00,0,0,0
1/5/1990 21:00,0,0,0
1/5/1990 22:00,0,0,0
1/5/1990 23:00,0,0,0
2/5/1990 0:00,0,0,0
2/5/1990 1:00,0,0,0
2/5/1990 2:00,0,0,0
2/5/1990 3:00,0,0,0
2/5/1990 4:00,0,0,0
2/5/1990 5:00,0,0,0
2/5/1990 6:00,10.011,76.506,76.987
2/5/1990 7:00,125.27,272.15,271.94
2/5/1990 8:00,286.07,484.23,483.22
2/5/1990 9:00,380.68,689.76,688.4
2/5/1990 10:00,553.42,885.3,884.5
2/5/1990 11:00,620.23,917.37,917.33
2/5/1990 12:00,446.16,940.92,942.33
2/5/1990 13:00,159.14,840.52,843.19
2/5/1990 14:00,149.03,729.26,733.6
2/5/1990 15:00,109.45,562.56,568.24
2/5/1990 16:00,179.32,374.64,381.88
2/5/1990 17:00,183.94,148.84,154.77
2/5/1990 18:00,8.4218,0,0
2/5/1990 19:00,0,0,0
2/5/1990 20:00,0,0,0
2/5/1990 21:00,0,0,0
2/5/1990 22:00,0,0,0
2/5/1990 23:00,0,0,0
3/5/1990 0:00,0,0,0
3/5/1990 1:00,0,0,0
3/5/1990 2:00,0,0,0
3/5/1990 3:00,0,0,0
3/5/1990 4:00,0,0,0
3/5/1990 5:00,0,0,0
3/5/1990 6:00,32.336,100.21,100.9
3/5/1990 7:00,318.99,343.38,343.27
3/5/1990 8:00,593.78,598.98,598.07
3/5/1990 9:00,781.23,873.68,872.59
3/5/1990 10:00,919.87,1051.9,1051.1
3/5/1990 11:00,582.82,377.16,377.34
3/5/1990 12:00,598.41,420.76,421.29
3/5/1990 13:00,575.26,376.66,377.32
3/5/1990 14:00,418.19,249.51,249.93
3/5/1990 15:00,347.08,229.75,230.3
3/5/1990 16:00,225.52,159.06,159.55
3/5/1990 17:00,89.738,26.264,26.253
3/5/1990 18:00,0,0,0
3/5/1990 19:00,0,0,0
3/5/1990 20:00,0,0,0
3/5/1990 21:00,0,0,0
3/5/1990 22:00,0,0,0
3/5/1990 23:00,0,0,0
4/5/1990 0:00,0,0,0
4/5/1990 1:00,0,0,0
4/5/1990 2:00,0,0,0
4/5/1990 3:00,0,0,0
4/5/1990 4:00,0,0,0
4/5/1990 5:00,0,0,0
4/5/1990 6:00,35.512,92.351,92.877
4/5/1990 7:00,325.13,190.29,190.19
4/5/1990 8:00,467.06,61.321,60.933
4/5/1990 9:00,845.56,488.84,488.26
4/5/1990 10:00,870.74,790.34,789.59
4/5/1990 11:00,618.29,336.39,336.55
4/5/1990 12:00,536.83,829.35,831.13
4/5/1990 13:00,525.01,665.63,667.8
4/5/1990 14:00,381.19,614.79,618.22
4/5/1990 15:00,410.7,394.06,396.66
4/5/1990 16:00,296.3,341.18,346.79
4/5/1990 17:00,109.35,172.23,179.29
4/5/1990 18:00,0,0,0
4/5/1990 19:00,0,0,0
4/5/1990 20:00,0,0,0
4/5/1990 21:00,0,0,0
4/5/1990 22:00,0,0,0
4/5/1990 23:00,0,0,0
5/5/1990 0:00,0,0,0
5/5/1990 1:00,0,0,0
5/5/1990 2:00,0,0,0
5/5/1990 3:00,0,0,0
5/5/1990 4:00,0,0,0
5/5/1990 5:00,0,0,0
5/5/1990 6:00,26.174,95.714,96.447
5/5/1990 7:00,215.8,341.78,341.8
5/5/1990 8:00,443.38,613.48,612.77
5/5/1990 9:00,568.7,834.56,833.77
5/5/1990 10:00,656.5,981.83,981.21
5/5/1990 11:00,786.06,587.62,587.77
5/5/1990 12:00,816.46,553.16,553.84
5/5/1990 13:00,777.52,468.9,469.87
5/5/1990 14:00,716.65,407.12,408.42
5/5/1990 15:00,600.69,316.74,318.17
5/5/1990 16:00,399.19,205.24,206.31
5/5/1990 17:00,202.71,88.827,89.388
5/5/1990 18:00,9.1991,0,0
5/5/1990 19:00,0,0,0
5/5/1990 20:00,0,0,0
5/5/1990 21:00,0,0,0
5/5/1990 22:00,0,0,0
5/5/1990 23:00,0,0,0
6/5/1990 0:00,0,0,0
6/5/1990 1:00,0,0,0
6/5/1990 2:00,0,0,0
6/5/1990 3:00,0,0,0
6/5/1990 4:00,0,0,0
6/5/1990 5:00,0,0,0
6/5/1990 6:00,29.45,43.105,43.188
6/5/1990 7:00,253.35,175.3,175.51
6/5/1990 8:00,454.81,309.42,309.6
6/5/1990 9:00,628.36,415.56,415.63
6/5/1990 10:00,779.99,522.09,522.25
6/5/1990 11:00,858.81,586.13,586.44
6/5/1990 12:00,896.09,512.5,513.1
6/5/1990 13:00,847.84,445.64,446.49
6/5/1990 14:00,763.95,405.32,406.52
6/5/1990 15:00,610.03,251.39,252.1
6/5/1990 16:00,403.35,148.6,148.97
6/5/1990 17:00,177.66,53.153,53.171
6/5/1990 18:00,0,0,0
6/5/1990 19:00,0,0,0
6/5/1990 20:00,0,0,0
6/5/1990 21:00,0,0,0
6/5/1990 22:00,0,0,0
6/5/1990 23:00,0,0,0
7/5/1990 0:00,0,0,0
7/5/1990 1:00,0,0,0
7/5/1990 2:00,0,0,0
7/5/1990 3:00,0,0,0
7/5/1990 4:00,0,0,0
7/5/1990 5:00,0,0,0
7/5/1990 6:00,30.644,12.135,12.144
7/5/1990 7:00,267.7,27.171,27.211
7/5/1990 8:00,500.14,48.683,48.754
7/5/1990 9:00,699.5,143.72,143.94
7/5/1990 10:00,841.45,396.64,396.91
7/5/1990 11:00,911.8,681.2,681.75
7/5/1990 12:00,943.78,620.15,621.09
7/5/1990 13:00,904.16,485.44,486.66
7/5/1990 14:00,778.32,607.31,610.69
7/5/1990 15:00,593.95,509.55,514.48
7/5/1990 16:00,373.81,323.69,328.96
7/5/1990 17:00,160.6,128.22,131.26
7/5/1990 18:00,0,0,0
7/5/1990 19:00,0,0,0
7/5/1990 20:00,0,0,0
7/5/1990 21:00,0,0,0
7/5/1990 22:00,0,0,0
7/5/1990 23:00,0,0,0
8/5/1990 0:00,0,0,0
8/5/1990 1:00,0,0,0
8/5/1990 2:00,0,0,0
8/5/1990 3:00,0,0,0
8/5/1990 4:00,0,0,0
8/5/1990 5:00,0,0,0
8/5/1990 6:00,30.251,42.611,42.694
8/5/1990 7:00,190.78,107.03,107.22
8/5/1990 8:00,428.11,259.38,259.49
8/5/1990 9:00,495,260.07,260.3
8/5/1990 10:00,730.05,497.79,498.02
8/5/1990 11:00,439.01,616.48,616.86
8/5/1990 12:00,679.75,543.65,544.44
8/5/1990 13:00,790.61,319.85,320.36
8/5/1990 14:00,624.85,153.21,153.39
8/5/1990 15:00,585.01,45.099,45.142
8/5/1990 16:00,348.57,89.099,89.261
8/5/1990 17:00,152.37,49.663,49.654
8/5/1990 18:00,0,0,0
8/5/1990 19:00,0,0,0
8/5/1990 20:00,0,0,0
8/5/1990 21:00,0,0,0
8/5/1990 22:00,0,0,0
8/5/1990 23:00,0,0,0
9/5/1990 0:00,0,0,0
9/5/1990 1:00,0,0,0
9/5/1990 2:00,0,0,0
9/5/1990 3:00,0,0,0
9/5/1990 4:00,0,0,0
9/5/1990 5:00,0,0,0
9/5/1990 6:00,8.5127,33.145,33.196
9/5/1990 7:00,117.71,111.62,111.81
9/5/1990 8:00,95.739,195.94,196.22
9/5/1990 9:00,157.76,281.11,281.37
9/5/1990 10:00,75.045,355.7,355.85
9/5/1990 11:00,217.45,383.78,384.07
9/5/1990 12:00,520.92,371.22,371.7
9/5/1990 13:00,422,335.86,336.46
9/5/1990 14:00,447.02,273.15,273.73
9/5/1990 15:00,362.96,208.31,208.88
9/5/1990 16:00,261.73,137.23,137.53
9/5/1990 17:00,149.5,55.145,55.277
9/5/1990 18:00,8.418,0,0
9/5/1990 19:00,0,0,0
9/5/1990 20:00,0,0,0
9/5/1990 21:00,0,0,0
9/5/1990 22:00,0,0,0
9/5/1990 23:00,0,0,0
10/5/1990 0:00,0,0,0
10/5/1990 1:00,0,0,0
10/5/1990 2:00,0,0,0
10/5/1990 3:00,0,0,0
10/5/1990 4:00,0,0,0
10/5/1990 5:00,0,0,0
10/5/1990 6:00,22.693,83.908,84.831
10/5/1990 7:00,186.47,286.74,287.28
10/5/1990 8:00,326.07,493.72,493.68
10/5/1990 9:00,470.45,711.83,711.62
10/5/1990 10:00,547.99,839.8,839.93
10/5/1990 11:00,678.91,925.94,927.04
10/5/1990 12:00,688.49,953.93,956.56
10/5/1990 13:00,632.52,873.72,877.96
10/5/1990 14:00,519.14,766.9,772.81
10/5/1990 15:00,412.38,567.63,574.44
10/5/1990 16:00,247.05,350.39,357.08
10/5/1990 17:00,101.13,143.26,148.76
10/5/1990 18:00,0,0,0
10/5/1990 19:00,0,0,0
10/5/1990 20:00,0,0,0
10/5/1990 21:00,0,0,0
10/5/1990 22:00,0,0,0
10/5/1990 23:00,0,0,0
11/5/1990 0:00,0,0,0
11/5/1990 1:00,0,0,0
11/5/1990 2:00,0,0,0
11/5/1990 3:00,0,0,0
11/5/1990 4:00,0,0,0
11/5/1990 5:00,0,0,0
11/5/1990 6:00,31.139,87.607,88.554
11/5/1990 7:00,265.38,301.45,302.14
11/5/1990 8:00,481.85,536.6,536.78
11/5/1990 9:00,689.75,729.51,729.34
11/5/1990 10:00,856.6,883.16,883.49
11/5/1990 11:00,942.03,955.23,956.55
11/5/1990 12:00,939.23,952.95,955.5
11/5/1990 13:00,883.48,893.51,897.82
11/5/1990 14:00,780.49,769.65,775.71
11/5/1990 15:00,609.37,586.3,593.77
11/5/1990 16:00,400.35,367.77,375.23
11/5/1990 17:00,186.81,148.56,154.65
11/5/1990 18:00,5.872,0,0
11/5/1990 19:00,0,0,0
11/5/1990 20:00,0,0,0
11/5/1990 21:00,0,0,0
11/5/1990 22:00,0,0,0
11/5/1990 23:00,0,0,0
12/5/1990 0:00,0,0,0
12/5/1990 1:00,0,0,0
12/5/1990 2:00,0,0,0
12/5/1990 3:00,0,0,0
12/5/1990 4:00,0,0,0
12/5/1990 5:00,0,0,0
12/5/1990 6:00,70.337,87.114,88.088
12/5/1990 7:00,254.8,294.49,295.21
12/5/1990 8:00,478.29,520.64,520.9
12/5/1990 9:00,695.81,721.73,721.78
12/5/1990 10:00,829.67,871.85,872.4
12/5/1990 11:00,896.5,955.43,957.12
12/5/1990 12:00,930.05,973.58,976.87
12/5/1990 13:00,886.3,916.42,921.34
12/5/1990 14:00,780.48,782.84,789.22
12/5/1990 15:00,609.16,591.08,598.92
12/5/1990 16:00,396.93,381.05,389.27
12/5/1990 17:00,174.64,162.15,169.26
12/5/1990 18:00,0,0,0
12/5/1990 19:00,0,0,0
12/5/1990 20:00,0,0,0
12/5/1990 21:00,0,0,0
12/5/1990 22:00,0,0,0
12/5/1990 23:00,0,0,0
13/05/90 00:00,0,0,0
13/05/90 01:00,0,0,0
13/05/90 02:00,0,0,0
13/05/90 03:00,0,0,0
13/05/90 04:00,0,0,0
13/05/90 05:00,0,0,0
13/05/90 06:00,47.66,95.526,96.877
13/05/90 07:00,153.03,312.75,313.58
13/05/90 08:00,377.97,567.3,567.71
13/05/90 09:00,524.59,817.39,817.85
13/05/90 10:00,393.24,1003.7,1004.5
13/05/90 11:00,473.51,576.62,577.31
13/05/90 12:00,876.05,591.85,593.06
13/05/90 13:00,607.26,523.55,524.97
13/05/90 14:00,480.89,441.97,443.83
13/05/90 15:00,56.549,296.88,297.98
13/05/90 16:00,287.79,195.46,196.42
13/05/90 17:00,158.82,76.961,77.234
13/05/90 18:00,1.5614,0,0
13/05/90 19:00,0,0,0
13/05/90 20:00,0,0,0
13/05/90 21:00,0,0,0
13/05/90 22:00,0,0,0
13/05/90 23:00,0,0,0
14/05/90 00:00,0,0,0
14/05/90 01:00,0,0,0
14/05/90 02:00,0,0,0
14/05/90 03:00,0,0,0
14/05/90 04:00,0,0,0
14/05/90 05:00,0,0,0
14/05/90 06:00,74.551,22.893,22.914
14/05/90 07:00,269.45,248.75,249.36
14/05/90 08:00,498.71,268.56,268.78
14/05/90 09:00,735.76,359.52,359.87
14/05/90 10:00,919.2,694.61,695.11
14/05/90 11:00,577.85,546.55,547.2
14/05/90 12:00,568.95,353.92,354.46
14/05/90 13:00,523.86,477.98,479.29
14/05/90 14:00,451.4,433.9,435.6
14/05/90 15:00,388.52,309.44,311.03
14/05/90 16:00,255.9,329.79,335.47
14/05/90 17:00,116.2,129.42,132.61
14/05/90 18:00,0,12.244,12.197
14/05/90 19:00,0,0,0
14/05/90 20:00,0,0,0
14/05/90 21:00,0,0,0
14/05/90 22:00,0,0,0
14/05/90 23:00,0,0,0
15/05/90 00:00,0,0,0
15/05/90 01:00,0,0,0
15/05/90 02:00,0,0,0
15/05/90 03:00,0,0,0
15/05/90 04:00,0,0,0
15/05/90 05:00,0,0,0
15/05/90 06:00,73.917,67.15,67.606
15/05/90 07:00,283.94,202.37,202.75
15/05/90 08:00,531.35,361.71,361.92
15/05/90 09:00,751.77,615.46,615.84
15/05/90 10:00,881.39,855.99,857.06
15/05/90 11:00,535.49,933.89,935.91
15/05/90 12:00,543.92,669.27,670.7
15/05/90 13:00,537.48,626.58,628.63
15/05/90 14:00,426.03,598.31,602.07
15/05/90 15:00,341.28,347.91,349.77
15/05/90 16:00,206.63,369.28,376.91
15/05/90 17:00,86.571,164.25,171.62
15/05/90 18:00,0,8.9966,8.9275
15/05/90 19:00,0,0,0
15/05/90 20:00,0,0,0
15/05/90 21:00,0,0,0
15/05/90 22:00,0,0,0
15/05/90 23:00,0,0,0
16/05/90 00:00,0,0,0
16/05/90 01:00,0,0,0
16/05/90 02:00,0,0,0
16/05/90 03:00,0,0,0
16/05/90 04:00,0,0,0
16/05/90 05:00,0,0,0
16/05/90 06:00,43.766,29.853,30.007
16/05/90 07:00,149.45,105.25,105.44
16/05/90 08:00,286.33,198.43,198.75
16/05/90 09:00,397.51,271.24,271.54
16/05/90 10:00,581.84,314.28,314.63
16/05/90 11:00,630.19,349.57,350.03
16/05/90 12:00,660.54,355.78,356.35
16/05/90 13:00,521.87,345.03,345.74
16/05/90 14:00,534.82,290.12,290.8
16/05/90 15:00,325.13,222.96,223.56
16/05/90 16:00,192.14,141.51,141.87
16/05/90 17:00,72.986,55.638,55.772
16/05/90 18:00,0,0,0
16/05/90 19:00,0,0,0
16/05/90 20:00,0,0,0
16/05/90 21:00,0,0,0
16/05/90 22:00,0,0,0
16/05/90 23:00,0,0,0
17/05/90 00:00,0,0,0
17/05/90 01:00,0,0,0
17/05/90 02:00,0,0,0
17/05/90 03:00,0,0,0
17/05/90 04:00,0,0,0
17/05/90 05:00,0,0,0
17/05/90 06:00,54.056,20.096,20.224
17/05/90 07:00,210.19,57.726,57.823
17/05/90 08:00,394.02,107.74,107.91
17/05/90 09:00,479.09,162.17,162.4
17/05/90 10:00,581.35,203.57,203.76
17/05/90 11:00,644.26,240.51,240.78
17/05/90 12:00,692.96,204.92,205.27
17/05/90 13:00,646.7,219.74,220.04
17/05/90 14:00,505.47,198.56,198.96
17/05/90 15:00,387.31,127.97,128.22
17/05/90 16:00,249.53,95.586,95.676
17/05/90 17:00,96.869,40.414,40.327
17/05/90 18:00,0,0,0
17/05/90 19:00,0,0,0
17/05/90 20:00,0,0,0
17/05/90 21:00,0,0,0
17/05/90 22:00,0,0,0
17/05/90 23:00,0,0,0
18/05/90 00:00,0,0,0
18/05/90 01:00,0,0,0
18/05/90 02:00,0,0,0
18/05/90 03:00,0,0,0
18/05/90 04:00,0,0,0
18/05/90 05:00,0,0,0
18/05/90 06:00,3.7212,21.593,21.608
18/05/90 07:00,115.62,64.901,65.01
18/05/90 08:00,277.45,120.39,120.49
18/05/90 09:00,281.99,165.05,165.2
18/05/90 10:00,188.29,191.71,191.99
18/05/90 11:00,840.02,222.75,223
18/05/90 12:00,923.83,231.26,231.53
18/05/90 13:00,621.96,209.97,210.25
18/05/90 14:00,563.37,186.89,187.27
18/05/90 15:00,546.23,153.48,153.82
18/05/90 16:00,492.56,112.41,112.58
18/05/90 17:00,181.24,51.161,51.257
18/05/90 18:00,0,0,0
18/05/90 19:00,0,0,0
18/05/90 20:00,0,0,0
18/05/90 21:00,0,0,0
18/05/90 22:00,0,0,0
18/05/90 23:00,0,0,0
19/05/90 00:00,0,0,0
19/05/90 01:00,0,0,0
19/05/90 02:00,0,0,0
19/05/90 03:00,0,0,0
19/05/90 04:00,0,0,0
19/05/90 05:00,0,0,0
19/05/90 06:00,61.65,98.938,100.7
19/05/90 07:00,350.49,318.47,320.1
19/05/90 08:00,425.42,545.11,546.27
19/05/90 09:00,543.61,730.69,731.62
19/05/90 10:00,614.72,870.67,872.08
19/05/90 11:00,655.6,954.18,956.64
19/05/90 12:00,689.05,967.11,971.14
19/05/90 13:00,598.29,910.23,915.84
19/05/90 14:00,530.53,793.94,801.57
19/05/90 15:00,321.31,613.1,622.31
19/05/90 16:00,79.062,405.1,415.72
19/05/90 17:00,114.68,176.03,185.19
19/05/90 18:00,0,0,0
19/05/90 19:00,0,0,0
19/05/90 20:00,0,0,0
19/05/90 21:00,0,0,0
19/05/90 22:00,0,0,0
19/05/90 23:00,0,0,0
20/05/90 00:00,0,0,0
20/05/90 01:00,0,0,0
20/05/90 02:00,0,0,0
20/05/90 03:00,0,0,0
20/05/90 04:00,0,0,0
20/05/90 05:00,0,0,0
20/05/90 06:00,53.142,48.488,48.615
20/05/90 07:00,208.41,116.1,116.12
20/05/90 08:00,568.98,404.65,405.22
20/05/90 09:00,515.98,692.13,693.24
20/05/90 10:00,707.51,877.62,879.34
20/05/90 11:00,413.54,876.59,878.88
20/05/90 12:00,389.74,587.17,588.43
20/05/90 13:00,280.14,634.26,636.94
20/05/90 14:00,649.34,518.3,521.24
20/05/90 15:00,588.49,440,443.98
20/05/90 16:00,230.12,315.01,320.66
20/05/90 17:00,31.926,136.4,139.84
20/05/90 18:00,5.6998,0,0
20/05/90 19:00,0,0,0
20/05/90 20:00,0,0,0
20/05/90 21:00,0,0,0
20/05/90 22:00,0,0,0
20/05/90 23:00,0,0,0
21/05/90 00:00,0,0,0
21/05/90 01:00,0,0,0
21/05/90 02:00,0,0,0
21/05/90 03:00,0,0,0
21/05/90 04:00,0,0,0
21/05/90 05:00,0,0,0
21/05/90 06:00,79.424,97.936,99.771
21/05/90 07:00,294.88,313.82,315.53
21/05/90 08:00,563.36,545.6,546.87
21/05/90 09:00,783.64,745.45,746.61
21/05/90 10:00,997.46,896.29,898.06
21/05/90 11:00,635.09,987.15,990.18
21/05/90 12:00,597.12,1000.3,1004.9
21/05/90 13:00,552.23,941.19,947.61
21/05/90 14:00,473,810.71,818.75
21/05/90 15:00,392.18,630.15,639.98
21/05/90 16:00,283.41,407.78,418.59
21/05/90 17:00,141.23,178.02,187.42
21/05/90 18:00,0,0,0
21/05/90 19:00,0,0,0
21/05/90 20:00,0,0,0
21/05/90 21:00,0,0,0
21/05/90 22:00,0,0,0
21/05/90 23:00,0,0,0
22/05/90 00:00,0,0,0
22/05/90 01:00,0,0,0
22/05/90 02:00,0,0,0
22/05/90 03:00,0,0,0
22/05/90 04:00,0,0,0
22/05/90 05:00,0,0,0
22/05/90 06:00,50.152,61.332,61.832
22/05/90 07:00,184.05,194.08,194.67
22/05/90 08:00,293.4,380.89,381.53
22/05/90 09:00,404.28,468.77,469.32
22/05/90 10:00,494.18,544.87,545.58
22/05/90 11:00,525.81,691.75,693.18
22/05/90 12:00,543.67,618.22,620.04
22/05/90 13:00,492.73,608.8,611.25
22/05/90 14:00,394.54,490.93,493.74
22/05/90 15:00,285.12,422.62,426.24
22/05/90 16:00,201.76,244.51,246.93
22/05/90 17:00,95.19,103.24,104.82
22/05/90 18:00,0,0,0
22/05/90 19:00,0,0,0
22/05/90 20:00,0,0,0
22/05/90 21:00,0,0,0
22/05/90 22:00,0,0,0
22/05/90 23:00,0,0,0
23/05/90 00:00,0,0,0
23/05/90 01:00,0,0,0
23/05/90 02:00,0,0,0
23/05/90 03:00,0,0,0
23/05/90 04:00,0,0,0
23/05/90 05:00,0,0,0
23/05/90 06:00,68.097,32.453,32.498
23/05/90 07:00,234.09,88.408,88.563
23/05/90 08:00,431.46,187.66,187.89
23/05/90 09:00,619.91,212.1,212.33
23/05/90 10:00,745.67,232.47,232.84
23/05/90 11:00,819.52,282.9,283.36
23/05/90 12:00,831.72,260.46,260.82
23/05/90 13:00,808.12,174.58,174.89
23/05/90 14:00,769.6,243.73,244.24
23/05/90 15:00,621.85,131.85,132.02
23/05/90 16:00,393.64,113.52,113.8
23/05/90 17:00,188.62,41.994,42.027
23/05/90 18:00,9.4915,0,0
23/05/90 19:00,0,0,0
23/05/90 20:00,0,0,0
23/05/90 21:00,0,0,0
23/05/90 22:00,0,0,0
23/05/90 23:00,0,0,0
24/05/90 00:00,0,0,0
24/05/90 01:00,0,0,0
24/05/90 02:00,0,0,0
24/05/90 03:00,0,0,0
24/05/90 04:00,0,0,0
24/05/90 05:00,0,0,0
24/05/90 06:00,56.534,30.758,30.796
24/05/90 07:00,180.06,99.472,99.653
24/05/90 08:00,336.53,144.61,144.84
24/05/90 09:00,441.69,198.74,199.05
24/05/90 10:00,517.9,222.9,223.25
24/05/90 11:00,542.82,237.32,237.69
24/05/90 12:00,584.24,284.32,284.74
24/05/90 13:00,544.62,224.23,224.58
24/05/90 14:00,417.63,176.63,176.89
24/05/90 15:00,308.77,166.24,166.53
24/05/90 16:00,227.59,113.02,113.2
24/05/90 17:00,89.74,51.26,51.253
24/05/90 18:00,0,0,0
24/05/90 19:00,0,0,0
24/05/90 20:00,0,0,0
24/05/90 21:00,0,0,0
24/05/90 22:00,0,0,0
24/05/90 23:00,0,0,0
25/05/90 00:00,0,0,0
25/05/90 01:00,0,0,0
25/05/90 02:00,0,0,0
25/05/90 03:00,0,0,0
25/05/90 04:00,0,0,0
25/05/90 05:00,0,0,0
25/05/90 06:00,37.691,124.45,127.39
25/05/90 07:00,162.49,389.89,392.7
25/05/90 08:00,290.71,665.06,667.4
25/05/90 09:00,370.07,900.91,903.23
25/05/90 10:00,498.14,1075.3,1078
25/05/90 11:00,582.82,579.09,580.31
25/05/90 12:00,645.56,551.55,552.98
25/05/90 13:00,597.76,470.66,472.27
25/05/90 14:00,502.18,299.18,299.96
25/05/90 15:00,398.84,179.9,180.39
25/05/90 16:00,196.89,180.8,181.65
25/05/90 17:00,102.73,93.52,94.3
25/05/90 18:00,0,0,0
25/05/90 19:00,0,0,0
25/05/90 20:00,0,0,0
25/05/90 21:00,0,0,0
25/05/90 22:00,0,0,0
25/05/90 23:00,0,0,0
26/05/90 00:00,0,0,0
26/05/90 01:00,0,0,0
26/05/90 02:00,0,0,0
26/05/90 03:00,0,0,0
26/05/90 04:00,0,0,0
26/05/90 05:00,0,0,0
26/05/90 06:00,65.186,105.33,107.69
26/05/90 07:00,217.75,329.05,331.32
26/05/90 08:00,417.8,563.01,564.97
26/05/90 09:00,509.86,767.07,769.07
26/05/90 10:00,669.48,916.31,918.98
26/05/90 11:00,740.72,999.62,1003.4
26/05/90 12:00,669.22,1012.6,1017.9
26/05/90 13:00,675.55,955.69,962.88
26/05/90 14:00,458.12,833.43,843.11
26/05/90 15:00,375.76,654.68,665.63
26/05/90 16:00,233.05,431.83,443.99
26/05/90 17:00,106.5,195.82,207.01
26/05/90 18:00,0,0,0
26/05/90 19:00,0,0,0
26/05/90 20:00,0,0,0
26/05/90 21:00,0,0,0
26/05/90 22:00,0,0,0
26/05/90 23:00,0,0,0
27/05/90 00:00,0,0,0
27/05/90 01:00,0,0,0
27/05/90 02:00,0,0,0
27/05/90 03:00,0,0,0
27/05/90 04:00,0,0,0
27/05/90 05:00,0,0,0
27/05/90 06:00,55.828,112.22,114.92
27/05/90 07:00,193.53,349.1,351.73
27/05/90 08:00,288.41,592.69,595
27/05/90 09:00,356.29,801,803.33
27/05/90 10:00,303.61,953.8,956.76
27/05/90 11:00,339.62,1035.3,1039.4
27/05/90 12:00,312.78,1047.5,1053.3
27/05/90 13:00,724.57,988.36,996.09
27/05/90 14:00,981.33,862.56,872.34
27/05/90 15:00,777.64,676.33,688.03
27/05/90 16:00,523.52,444.31,457.1
27/05/90 17:00,249.23,200.2,211.88
27/05/90 18:00,36.964,0,0
27/05/90 19:00,0,0,0
27/05/90 20:00,0,0,0
27/05/90 21:00,0,0,0
27/05/90 22:00,0,0,0
27/05/90 23:00,0,0,0
28/05/90 00:00,0,0,0
28/05/90 01:00,0,0,0
28/05/90 02:00,0,0,0
28/05/90 03:00,0,0,0
28/05/90 04:00,0,0,0
28/05/90 05:00,0,0,0
28/05/90 06:00,60.327,85.727,87.166
28/05/90 07:00,179.55,280.07,281.67
28/05/90 08:00,291.7,484.83,486.29
28/05/90 09:00,407.06,678.75,680.29
28/05/90 10:00,468.01,820.92,822.88
28/05/90 11:00,646.44,910.05,912.98
28/05/90 12:00,766.86,910.77,915.29
28/05/90 13:00,796.62,848.63,854.44
28/05/90 14:00,741.21,744.68,752.17
28/05/90 15:00,586.85,601.36,610.92
28/05/90 16:00,415.22,394.33,404.29
28/05/90 17:00,221.26,183.91,194.15
28/05/90 18:00,10.749,7.3597,7.276
28/05/90 19:00,0,0,0
28/05/90 20:00,0,0,0
28/05/90 21:00,0,0,0
28/05/90 22:00,0,0,0
28/05/90 23:00,0,0,0
29/05/90 00:00,0,0,0
29/05/90 01:00,0,0,0
29/05/90 02:00,0,0,0
29/05/90 03:00,0,0,0
29/05/90 04:00,0,0,0
29/05/90 05:00,0,0,0
29/05/90 06:00,65.323,111.4,113.68
29/05/90 07:00,269.05,299.55,301.53
29/05/90 08:00,462.59,210.31,210.62
29/05/90 09:00,637.73,397.68,398.3
29/05/90 10:00,817.01,508.08,508.95
29/05/90 11:00,827.11,530.28,531.3
29/05/90 12:00,806.43,621.21,623.21
29/05/90 13:00,708.01,504.93,506.75
29/05/90 14:00,668.64,521.49,524.88
29/05/90 15:00,491.5,431.62,435.69
29/05/90 16:00,338.11,371.29,379.59
29/05/90 17:00,172.39,136.51,140.42
29/05/90 18:00,9.4663,0,0
29/05/90 19:00,0,0,0
29/05/90 20:00,0,0,0
29/05/90 21:00,0,0,0
29/05/90 22:00,0,0,0
29/05/90 23:00,0,0,0
30/05/90 00:00,0,0,0
30/05/90 01:00,0,0,0
30/05/90 02:00,0,0,0
30/05/90 03:00,0,0,0
30/05/90 04:00,0,0,0
30/05/90 05:00,0,0,0
30/05/90 06:00,56.922,73.54,74.353
30/05/90 07:00,202.58,231.52,232.45
30/05/90 08:00,391.77,417.63,418.63
30/05/90 09:00,552.66,633.11,634.42
30/05/90 10:00,727.45,822.53,824.88
30/05/90 11:00,793.96,890.67,893.78
30/05/90 12:00,769.95,842.12,845.95
30/05/90 13:00,671.86,763.32,768.09
30/05/90 14:00,523.23,644.75,649.96
30/05/90 15:00,588.32,565.44,573.64
30/05/90 16:00,351.79,341.18,348.02
30/05/90 17:00,185.22,148.32,154
30/05/90 18:00,3.8175,0,0
30/05/90 19:00,0,0,0
30/05/90 20:00,0,0,0
30/05/90 21:00,0,0,0
30/05/90 22:00,0,0,0
30/05/90 23:00,0,0,0
31/05/90 00:00,0,0,0
31/05/90 01:00,0,0,0
31/05/90 02:00,0,0,0
31/05/90 03:00,0,0,0
31/05/90 04:00,0,0,0
31/05/90 05:00,0,0,0
31/05/90 06:00,80.382,94.962,96.988
31/05/90 07:00,311.9,295.29,297.34
31/05/90 08:00,573.4,515.97,517.94
31/05/90 09:00,762.69,673.88,675.51
31/05/90 10:00,846.66,795.86,797.78
31/05/90 11:00,491.09,879.68,882.73
31/05/90 12:00,626.96,909.1,913.82
31/05/90 13:00,574.8,852.94,859.01
31/05/90 14:00,537.77,762.95,770.95
31/05/90 15:00,405.86,607.24,617.17
31/05/90 16:00,286.28,400.8,411.54
31/05/90 17:00,131.75,176.26,185.3
31/05/90 18:00,7.9723,0,0
31/05/90 19:00,0,0,0
31/05/90 20:00,0,0,0
31/05/90 21:00,0,0,0
31/05/90 22:00,0,0,0
31/05/90 23:00,0,0,0
1/6/1990 0:00,0,0,0
1/6/1990 1:00,0,0,0
1/6/1990 2:00,0,0,0
1/6/1990 3:00,0,0,0
1/6/1990 4:00,0,0,0
1/6/1990 5:00,0,0,0
1/6/1990 6:00,50.951,74.745,75.642
1/6/1990 7:00,178.45,227.33,228.27
1/6/1990 8:00,310.65,409.04,410.13
1/6/1990 9:00,443.76,541.44,542.46
1/6/1990 10:00,546.77,723.23,724.73
1/6/1990 11:00,568.53,788.13,790.49
1/6/1990 12:00,543.4,778.46,781.64
1/6/1990 13:00,499.89,698.27,702.07
1/6/1990 14:00,428.88,618.28,623.13
1/6/1990 15:00,340.68,451.79,456.14
1/6/1990 16:00,206.23,280.14,283.87
1/6/1990 17:00,90.833,107.03,108.7
1/6/1990 18:00,0,0,0
1/6/1990 19:00,0,0,0
1/6/1990 20:00,0,0,0
1/6/1990 21:00,0,0,0
1/6/1990 22:00,0,0,0
1/6/1990 23:00,0,0,0
2/6/1990 0:00,0,0,0
2/6/1990 1:00,0,0,0
2/6/1990 2:00,0,0,0
2/6/1990 3:00,0,0,0
2/6/1990 4:00,0,0,0
2/6/1990 5:00,0,0,0
2/6/1990 6:00,81.867,25.18,25.098
2/6/1990 7:00,285.37,66.301,66.411
2/6/1990 8:00,510.29,131.75,131.86
2/6/1990 9:00,711.54,181.8,181.98
2/6/1990 10:00,855.09,223.8,224.06
2/6/1990 11:00,945.47,235.03,235.21
2/6/1990 12:00,960.11,227.46,227.76
2/6/1990 13:00,908.8,195.5,195.8
2/6/1990 14:00,784.4,152.91,153.09
2/6/1990 15:00,610.67,128.77,128.92
2/6/1990 16:00,402.71,83.322,83.462
2/6/1990 17:00,185.77,47.474,47.534
2/6/1990 18:00,8.4735,0,0
2/6/1990 19:00,0,0,0
2/6/1990 20:00,0,0,0
2/6/1990 21:00,0,0,0
2/6/1990 22:00,0,0,0
2/6/1990 23:00,0,0,0
3/6/1990 0:00,0,0,0
3/6/1990 1:00,0,0,0
3/6/1990 2:00,0,0,0
3/6/1990 3:00,0,0,0
3/6/1990 4:00,0,0,0
3/6/1990 5:00,0,0,0
3/6/1990 6:00,82.669,30.758,30.795
3/6/1990 7:00,288.74,97.382,97.565
3/6/1990 8:00,517.97,167.82,168.12
3/6/1990 9:00,716.35,230.34,230.64
3/6/1990 10:00,867.78,274.96,275.32
3/6/1990 11:00,956.93,290.38,290.68
3/6/1990 12:00,975.05,286.8,287.25
3/6/1990 13:00,921.28,265.61,266.09
3/6/1990 14:00,808.03,229.27,229.7
3/6/1990 15:00,642.01,173.31,173.67
3/6/1990 16:00,433.46,113.22,113.4
3/6/1990 17:00,207.56,51.556,51.543
3/6/1990 18:00,10.551,0,0
3/6/1990 19:00,0,0,0
3/6/1990 20:00,0,0,0
3/6/1990 21:00,0,0,0
3/6/1990 22:00,0,0,0
3/6/1990 23:00,0,0,0
4/6/1990 0:00,0,0,0
4/6/1990 1:00,0,0,0
4/6/1990 2:00,0,0,0
4/6/1990 3:00,0,0,0
4/6/1990 4:00,0,0,0
4/6/1990 5:00,0,0,0
4/6/1990 6:00,3.6688,7.958,7.9497
4/6/1990 7:00,119.99,25.379,25.305
4/6/1990 8:00,221.79,46.395,46.455
4/6/1990 9:00,549.51,61.943,62.024
4/6/1990 10:00,351.59,72.709,72.818
4/6/1990 11:00,357.45,80.992,81.11
4/6/1990 12:00,369.64,83.798,83.922
4/6/1990 13:00,612.41,80.192,80.313
4/6/1990 14:00,489.19,66.427,66.524
4/6/1990 15:00,524.33,54.957,55.026
4/6/1990 16:00,268.77,36.535,36.541
4/6/1990 17:00,120.46,16.313,16.268
4/6/1990 18:00,10.547,0,0
4/6/1990 19:00,0,0,0
4/6/1990 20:00,0,0,0
4/6/1990 21:00,0,0,0
4/6/1990 22:00,0,0,0
4/6/1990 23:00,0,0,0
5/6/1990 0:00,0,0,0
5/6/1990 1:00,0,0,0
5/6/1990 2:00,0,0,0
5/6/1990 3:00,0,0,0
5/6/1990 4:00,0,0,0
5/6/1990 5:00,0,0,0
5/6/1990 6:00,33.117,93.509,95.699
5/6/1990 7:00,185.23,292.79,295.05
5/6/1990 8:00,416.97,513.05,515.13
5/6/1990 9:00,57.85,693.55,695.38
5/6/1990 10:00,378.48,840.14,842.65
5/6/1990 11:00,778.18,924.63,928.15
5/6/1990 12:00,79.368,952.85,958.1
5/6/1990 13:00,75.572,888.29,894.77
5/6/1990 14:00,917.84,782.36,790.8
5/6/1990 15:00,508.93,612.03,622.12
5/6/1990 16:00,450.2,398.6,409.34
5/6/1990 17:00,229.67,178.96,188.09
5/6/1990 18:00,25.521,0,0
5/6/1990 19:00,0,0,0
5/6/1990 20:00,0,0,0
5/6/1990 21:00,0,0,0
5/6/1990 22:00,0,0,0
5/6/1990 23:00,0,0,0
6/6/1990 0:00,0,0,0
6/6/1990 1:00,0,0,0
6/6/1990 2:00,0,0,0
6/6/1990 3:00,0,0,0
6/6/1990 4:00,0,0,0
6/6/1990 5:00,0,0,0
6/6/1990 6:00,0,24.374,24.404
6/6/1990 7:00,59.609,27.073,27.099
6/6/1990 8:00,38.576,191.35,191.62
6/6/1990 9:00,54.08,297.37,297.84
6/6/1990 10:00,65.723,346.49,347.03
6/6/1990 11:00,293.93,213.28,213.57
6/6/1990 12:00,591.94,479.95,481.21
6/6/1990 13:00,767.29,547.14,549.53
6/6/1990 14:00,860.36,445.57,447.86
6/6/1990 15:00,600.8,188.97,189.48
6/6/1990 16:00,377.71,62.616,62.689
6/6/1990 17:00,213.92,33.437,33.412
6/6/1990 18:00,34.939,0,0
6/6/1990 19:00,0,0,0
6/6/1990 20:00,0,0,0
6/6/1990 21:00,0,0,0
6/6/1990 22:00,0,0,0
6/6/1990 23:00,0,0,0
7/6/1990 0:00,0,0,0
7/6/1990 1:00,0,0,0
7/6/1990 2:00,0,0,0
7/6/1990 3:00,0,0,0
7/6/1990 4:00,0,0,0
7/6/1990 5:00,0,0,0
7/6/1990 6:00,35.608,96.761,98.498
7/6/1990 7:00,88.686,233.03,234.36
7/6/1990 8:00,181.9,402.86,404.05
7/6/1990 9:00,285.44,419.76,420.49
7/6/1990 10:00,230.77,505.37,506.22
7/6/1990 11:00,248.05,597.25,598.59
7/6/1990 12:00,478.08,636.89,638.95
7/6/1990 13:00,530.27,555.33,557.82
7/6/1990 14:00,456.21,416.31,418.2
7/6/1990 15:00,652.95,149.2,149.43
7/6/1990 16:00,479.22,32.339,32.361
7/6/1990 17:00,227.66,42.603,42.515
7/6/1990 18:00,37.432,0,0
7/6/1990 19:00,0,0,0
7/6/1990 20:00,0,0,0
7/6/1990 21:00,0,0,0
7/6/1990 22:00,0,0,0
7/6/1990 23:00,0,0,0
8/6/1990 0:00,0,0,0
8/6/1990 1:00,0,0,0
8/6/1990 2:00,0,0,0
8/6/1990 3:00,0,0,0
8/6/1990 4:00,0,0,0
8/6/1990 5:00,0,0,0
8/6/1990 6:00,54.122,100.35,102.99
8/6/1990 7:00,245.97,304.93,307.6
8/6/1990 8:00,430.1,517.71,520.02
8/6/1990 9:00,528.66,703.63,705.9
8/6/1990 10:00,694.01,830.02,832.59
8/6/1990 11:00,487.24,899.55,902.87
8/6/1990 12:00,546.4,920.15,924.9
8/6/1990 13:00,670.13,874.52,880.99
8/6/1990 14:00,728.82,770.86,779.12
8/6/1990 15:00,586.14,606.55,616.52
8/6/1990 16:00,364.87,413.9,425.56
8/6/1990 17:00,189.26,192.43,202.81
8/6/1990 18:00,8.3629,3.647,7.0536
8/6/1990 19:00,0,0,0
8/6/1990 20:00,0,0,0
8/6/1990 21:00,0,0,0
8/6/1990 22:00,0,0,0
8/6/1990 23:00,0,0,0
9/6/1990 0:00,0,0,0
9/6/1990 1:00,0,0,0
9/6/1990 2:00,0,0,0
9/6/1990 3:00,0,0,0
9/6/1990 4:00,0,0,0
9/6/1990 5:00,0,0,0
9/6/1990 6:00,48.652,110.05,113.03
9/6/1990 7:00,189.13,351.74,355.09
9/6/1990 8:00,322.62,508.17,510.37
9/6/1990 9:00,457.12,692.01,694.09
9/6/1990 10:00,542.67,696.48,698.18
9/6/1990 11:00,571.54,495.08,496.05
9/6/1990 12:00,496.94,384.07,384.97
9/6/1990 13:00,472.59,81.79,81.913
9/6/1990 14:00,442.88,90.135,90.173
9/6/1990 15:00,309.28,56.06,56.114
9/6/1990 16:00,198.19,164.16,164.79
9/6/1990 17:00,71.898,20.096,19.951
9/6/1990 18:00,0,0,0
9/6/1990 19:00,0,0,0
9/6/1990 20:00,0,0,0
9/6/1990 21:00,0,0,0
9/6/1990 22:00,0,0,0
9/6/1990 23:00,0,0,0
10/6/1990 0:00,0,0,0
10/6/1990 1:00,0,0,0
10/6/1990 2:00,0,0,0
10/6/1990 3:00,0,0,0
10/6/1990 4:00,0,0,0
10/6/1990 5:00,0,0,0
10/6/1990 6:00,16.642,64.049,64.524
10/6/1990 7:00,62.185,180.9,181.53
10/6/1990 8:00,84.323,253.2,253.69
10/6/1990 9:00,58.054,353.06,353.57
10/6/1990 10:00,354.33,497.78,498.63
10/6/1990 11:00,211.56,481.33,482.25
10/6/1990 12:00,506.81,480.05,481.32
10/6/1990 13:00,529.87,446.58,448.12
10/6/1990 14:00,612.83,386.63,388.27
10/6/1990 15:00,378.62,305.06,306.34
10/6/1990 16:00,99.412,194.86,195.87
10/6/1990 17:00,138.09,88.026,88.537
10/6/1990 18:00,0,0,0
10/6/1990 19:00,0,0,0
10/6/1990 20:00,0,0,0
10/6/1990 21:00,0,0,0
10/6/1990 22:00,0,0,0
10/6/1990 23:00,0,0,0
11/6/1990 0:00,0,0,0
11/6/1990 1:00,0,0,0
11/6/1990 2:00,0,0,0
11/6/1990 3:00,0,0,0
11/6/1990 4:00,0,0,0
11/6/1990 5:00,0,0,0
11/6/1990 6:00,46.561,27.665,27.689
11/6/1990 7:00,159.79,87.618,87.78
11/6/1990 8:00,286.7,152.88,153.16
11/6/1990 9:00,376.04,218.49,218.79
11/6/1990 10:00,478.37,261.3,261.64
11/6/1990 11:00,524.71,298.36,298.79
11/6/1990 12:00,500.02,299.56,300.08
11/6/1990 13:00,472.59,279.37,279.8
11/6/1990 14:00,425.2,253.99,254.54
11/6/1990 15:00,337.57,191.35,191.82
11/6/1990 16:00,221.11,124.27,124.53
11/6/1990 17:00,69.511,53.251,53.344
11/6/1990 18:00,0,0,0
11/6/1990 19:00,0,0,0
11/6/1990 20:00,0,0,0
11/6/1990 21:00,0,0,0
11/6/1990 22:00,0,0,0
11/6/1990 23:00,0,0,0
12/6/1990 0:00,0,0,0
12/6/1990 1:00,0,0,0
12/6/1990 2:00,0,0,0
12/6/1990 3:00,0,0,0
12/6/1990 4:00,0,0,0
12/6/1990 5:00,0,0,0
12/6/1990 6:00,16.745,36.931,37.001
12/6/1990 7:00,98.025,143.72,144.03
12/6/1990 8:00,178.51,237.24,237.76
12/6/1990 9:00,223.76,413.07,413.82
12/6/1990 10:00,363.33,445.24,445.96
12/6/1990 11:00,485.85,484.6,485.61
12/6/1990 12:00,369.13,509.66,511.05
12/6/1990 13:00,257.54,579.91,582.68
12/6/1990 14:00,264.02,426.72,428.68
12/6/1990 15:00,119.88,354.8,357.26
12/6/1990 16:00,185.97,182.89,183.72
12/6/1990 17:00,192.46,79.543,79.806
12/6/1990 18:00,23.104,0,0
12/6/1990 19:00,0,0,0
12/6/1990 20:00,0,0,0
12/6/1990 21:00,0,0,0
12/6/1990 22:00,0,0,0
12/6/1990 23:00,0,0,0
13/06/90 00:00,0,0,0
13/06/90 01:00,0,0,0
13/06/90 02:00,0,0,0
13/06/90 03:00,0,0,0
13/06/90 04:00,0,0,0
13/06/90 05:00,0,0,0
13/06/90 06:00,37.692,111.13,114.34
13/06/90 07:00,132.03,354.14,357.74
13/06/90 08:00,312.63,571.4,574.47
13/06/90 09:00,308.64,846.42,850.08
13/06/90 10:00,385.02,1016.7,1020.6
13/06/90 11:00,570.85,453.68,454.67
13/06/90 12:00,604.21,583.34,585.3
13/06/90 13:00,448.88,433,434.4
13/06/90 14:00,428.4,364.44,365.55
13/06/90 15:00,295.85,266.56,267.56
13/06/90 16:00,145.56,139.52,139.88
13/06/90 17:00,80.421,66.206,66.294
13/06/90 18:00,0,0,0
13/06/90 19:00,0,0,0
13/06/90 20:00,0,0,0
13/06/90 21:00,0,0,0
13/06/90 22:00,0,0,0
13/06/90 23:00,0,0,0
14/06/90 00:00,0,0,0
14/06/90 01:00,0,0,0
14/06/90 02:00,0,0,0
14/06/90 03:00,0,0,0
14/06/90 04:00,0,0,0
14/06/90 05:00,0,0,0
14/06/90 06:00,50.145,94.451,97.107
14/06/90 07:00,182.34,287.28,289.81
14/06/90 08:00,303.57,496.09,498.43
14/06/90 09:00,433.58,659.15,661.42
14/06/90 10:00,517.76,733.05,735.17
14/06/90 11:00,549.05,800.16,803.11
14/06/90 12:00,610.08,806.56,810.63
14/06/90 13:00,593.23,769.75,775.04
14/06/90 14:00,499.74,717.95,725.25
14/06/90 15:00,378.94,581.83,590.89
14/06/90 16:00,216.95,343.69,350.62
14/06/90 17:00,95.607,152.5,156.66
14/06/90 18:00,0,0,0
14/06/90 19:00,0,0,0
14/06/90 20:00,0,0,0
14/06/90 21:00,0,0,0
14/06/90 22:00,0,0,0
14/06/90 23:00,0,0,0
15/06/90 00:00,0,0,0
15/06/90 01:00,0,0,0
15/06/90 02:00,0,0,0
15/06/90 03:00,0,0,0
15/06/90 04:00,0,0,0
15/06/90 05:00,0,0,0
15/06/90 06:00,66.893,57.738,58.131
15/06/90 07:00,143.84,201.17,202.01
15/06/90 08:00,159.22,450.56,452.52
15/06/90 09:00,375.5,614.79,616.71
15/06/90 10:00,146.77,677.48,679.26
15/06/90 11:00,144.44,730.18,732.53
15/06/90 12:00,171.29,756.09,759.46
15/06/90 13:00,79.243,795.83,801.67
15/06/90 14:00,567.02,615.98,621.08
15/06/90 15:00,742.11,497.98,504.07
15/06/90 16:00,501.55,369.31,377.97
15/06/90 17:00,244.48,178.19,186.1
15/06/90 18:00,43.359,11.704,11.613
15/06/90 19:00,0,0,0
15/06/90 20:00,0,0,0
15/06/90 21:00,0,0,0
15/06/90 22:00,0,0,0
15/06/90 23:00,0,0,0
16/06/90 00:00,0,0,0
16/06/90 01:00,0,0,0
16/06/90 02:00,0,0,0
16/06/90 03:00,0,0,0
16/06/90 04:00,0,0,0
16/06/90 05:00,0,0,0
16/06/90 06:00,79.51,95.329,98.127
16/06/90 07:00,283.36,309.84,312.99
16/06/90 08:00,510.28,543.42,546.33
16/06/90 09:00,714.82,745.52,748.45
16/06/90 10:00,871.41,901.67,905.33
16/06/90 11:00,963.82,984.67,989.29
16/06/90 12:00,988.57,1008.8,1015
16/06/90 13:00,948.26,959.14,967.33
16/06/90 14:00,835.44,839.73,849.73
16/06/90 15:00,669.27,659.08,670.65
16/06/90 16:00,452.65,438.05,450.63
16/06/90 17:00,221.26,203.6,215.09
16/06/90 18:00,12.895,8.1129,8.0158
16/06/90 19:00,0,0,0
16/06/90 20:00,0,0,0
16/06/90 21:00,0,0,0
16/06/90 22:00,0,0,0
16/06/90 23:00,0,0,0
17/06/90 00:00,0,0,0
17/06/90 01:00,0,0,0
17/06/90 02:00,0,0,0
17/06/90 03:00,0,0,0
17/06/90 04:00,0,0,0
17/06/90 05:00,0,0,0
17/06/90 06:00,81.416,96.63,99.528
17/06/90 07:00,288.08,312.59,315.78
17/06/90 08:00,515.89,541.27,544.24
17/06/90 09:00,717.09,737.07,740.03
17/06/90 10:00,867.42,887.52,890.87
17/06/90 11:00,957.9,968.56,973.03
17/06/90 12:00,991.79,985.64,991.67
17/06/90 13:00,949.75,941.61,949.51
17/06/90 14:00,845.13,830.81,840.73
17/06/90 15:00,675.25,653.61,665.2
17/06/90 16:00,461.94,437.42,450.06
17/06/90 17:00,233.07,208.58,220.34
17/06/90 18:00,13.695,8.7013,8.6201
17/06/90 19:00,0,0,0
17/06/90 20:00,0,0,0
17/06/90 21:00,0,0,0
17/06/90 22:00,0,0,0
17/06/90 23:00,0,0,0
18/06/90 00:00,0,0,0
18/06/90 01:00,0,0,0
18/06/90 02:00,0,0,0
18/06/90 03:00,0,0,0
18/06/90 04:00,0,0,0
18/06/90 05:00,0,0,0
18/06/90 06:00,38.29,85.81,87.888
18/06/90 07:00,161.1,284.29,286.96
18/06/90 08:00,295.08,507.15,509.63
18/06/90 09:00,454.67,708.58,711.26
18/06/90 10:00,677.73,838.88,841.83
18/06/90 11:00,745.58,924.7,928.66
18/06/90 12:00,663.75,942.84,948.28
18/06/90 13:00,687.3,877.44,884
18/06/90 14:00,619.71,748.23,755.9
18/06/90 15:00,623.19,580.02,588.95
18/06/90 16:00,407.41,370.62,378.99
18/06/90 17:00,150.57,165.51,172.35
18/06/90 18:00,10.424,0,0
18/06/90 19:00,0,0,0
18/06/90 20:00,0,0,0
18/06/90 21:00,0,0,0
18/06/90 22:00,0,0,0
18/06/90 23:00,0,0,0
19/06/90 00:00,0,0,0
19/06/90 01:00,0,0,0
19/06/90 02:00,0,0,0
19/06/90 03:00,0,0,0
19/06/90 04:00,0,0,0
19/06/90 05:00,0,0,0
19/06/90 06:00,58.304,83.613,85.604
19/06/90 07:00,225.11,277.01,279.5
19/06/90 08:00,420.19,493.67,496.15
19/06/90 09:00,625.96,690.34,692.8
19/06/90 10:00,754.7,848.39,851.54
19/06/90 11:00,860.63,935.13,939.27
19/06/90 12:00,882.61,918.44,923.29
19/06/90 13:00,875.99,856.96,863.5
19/06/90 14:00,735.99,736.47,744.15
19/06/90 15:00,609.7,577.12,585.94
19/06/90 16:00,412.76,373.21,381.58
19/06/90 17:00,213.69,166.8,173.74
19/06/90 18:00,16.369,3.6341,7.0158
19/06/90 19:00,0,0,0
19/06/90 20:00,0,0,0
19/06/90 21:00,0,0,0
19/06/90 22:00,0,0,0
19/06/90 23:00,0,0,0
20/06/90 00:00,0,0,0
20/06/90 01:00,0,0,0
20/06/90 02:00,0,0,0
20/06/90 03:00,0,0,0
20/06/90 04:00,0,0,0
20/06/90 05:00,0,0,0
20/06/90 06:00,63.73,80.822,82.693
20/06/90 07:00,225.21,273.24,275.57
20/06/90 08:00,448.11,481.91,484.13
20/06/90 09:00,631.74,677.25,679.58
20/06/90 10:00,759.27,812.37,815.16
20/06/90 11:00,882.77,889.65,893.4
20/06/90 12:00,872.23,907.46,912.64
20/06/90 13:00,843,865.55,871.97
20/06/90 14:00,728.64,751.37,759.36
20/06/90 15:00,564.29,597.8,607.2
20/06/90 16:00,392.74,400.85,410.82
20/06/90 17:00,193,193.28,202.35
20/06/90 18:00,12.009,9.8112,9.7129
20/06/90 19:00,0,0,0
20/06/90 20:00,0,0,0
20/06/90 21:00,0,0,0
20/06/90 22:00,0,0,0
20/06/90 23:00,0,0,0
21/06/90 00:00,0,0,0
21/06/90 01:00,0,0,0
21/06/90 02:00,0,0,0
21/06/90 03:00,0,0,0
21/06/90 04:00,0,0,0
21/06/90 05:00,0,0,0
21/06/90 06:00,71.214,48.888,49.117
21/06/90 07:00,244.33,148.72,149.16
21/06/90 08:00,535.49,278.97,279.59
21/06/90 09:00,622.24,370.01,370.61
21/06/90 10:00,855.05,436.13,436.87
21/06/90 11:00,568.41,458.24,459.05
21/06/90 12:00,641.95,492.24,493.61
21/06/90 13:00,527.78,458.4,459.94
21/06/90 14:00,376.71,351.97,353.01
21/06/90 15:00,297.93,259.27,260.2
21/06/90 16:00,186.57,187.37,188.24
21/06/90 17:00,100.96,72.873,73.137
21/06/90 18:00,0,0,0
21/06/90 19:00,0,0,0
21/06/90 20:00,0,0,0
21/06/90 21:00,0,0,0
21/06/90 22:00,0,0,0
21/06/90 23:00,0,0,0
22/06/90 00:00,0,0,0
22/06/90 01:00,0,0,0
22/06/90 02:00,0,0,0
22/06/90 03:00,0,0,0
22/06/90 04:00,0,0,0
22/06/90 05:00,0,0,0
22/06/90 06:00,41.87,70.067,71.373
22/06/90 07:00,153.01,239.33,241.02
22/06/90 08:00,284.81,412.51,414.03
22/06/90 09:00,355.86,610.96,612.71
22/06/90 10:00,473.06,765.56,767.95
22/06/90 11:00,496.13,880.97,884.79
22/06/90 12:00,506.21,886.9,891.89
22/06/90 13:00,429.22,822.82,828.97
22/06/90 14:00,357.43,719.85,727.29
22/06/90 15:00,249.14,488.4,493.9
22/06/90 16:00,189.36,336.11,342.42
22/06/90 17:00,80.337,139.23,142.56
22/06/90 18:00,0,7.5131,7.4175
22/06/90 19:00,0,0,0
22/06/90 20:00,0,0,0
22/06/90 21:00,0,0,0
22/06/90 22:00,0,0,0
22/06/90 23:00,0,0,0
23/06/90 00:00,0,0,0
23/06/90 01:00,0,0,0
23/06/90 02:00,0,0,0
23/06/90 03:00,0,0,0
23/06/90 04:00,0,0,0
23/06/90 05:00,0,0,0
23/06/90 06:00,31.737,80.223,82.124
23/06/90 07:00,118.7,270.92,273.34
23/06/90 08:00,272.24,491.05,493.46
23/06/90 09:00,389.18,694.13,696.55
23/06/90 10:00,451.76,842.18,845.09
23/06/90 11:00,411.52,923.22,927.17
23/06/90 12:00,355.75,956.5,962.11
23/06/90 13:00,365.4,895.22,902.24
23/06/90 14:00,310.48,790.44,799.39
23/06/90 15:00,289.99,618.95,629.12
23/06/90 16:00,208.32,405.24,415.79
23/06/90 17:00,73.092,186.47,195.17
23/06/90 18:00,0,8.2013,8.004
23/06/90 19:00,0,0,0
23/06/90 20:00,0,0,0
23/06/90 21:00,0,0,0
23/06/90 22:00,0,0,0
23/06/90 23:00,0,0,0
24/06/90 00:00,0,0,0
24/06/90 01:00,0,0,0
24/06/90 02:00,0,0,0
24/06/90 03:00,0,0,0
24/06/90 04:00,0,0,0
24/06/90 05:00,0,0,0
24/06/90 06:00,66.418,81.405,83.464
24/06/90 07:00,248.79,271.32,273.76
24/06/90 08:00,464.42,484.58,486.88
24/06/90 09:00,660.02,682.25,684.59
24/06/90 10:00,815.64,819.24,821.93
24/06/90 11:00,880.96,894.55,898
24/06/90 12:00,883.19,919.85,924.82
24/06/90 13:00,817.88,868.96,875.26
24/06/90 14:00,711.92,776.46,784.9
24/06/90 15:00,519.55,610.09,619.76
24/06/90 16:00,371.84,401.95,412.22
24/06/90 17:00,174.24,188.27,197.22
24/06/90 18:00,9.9297,9.202,9.1025
24/06/90 19:00,0,0,0
24/06/90 20:00,0,0,0
24/06/90 21:00,0,0,0
24/06/90 22:00,0,0,0
24/06/90 23:00,0,0,0
25/06/90 00:00,0,0,0
25/06/90 01:00,0,0,0
25/06/90 02:00,0,0,0
25/06/90 03:00,0,0,0
25/06/90 04:00,0,0,0
25/06/90 05:00,0,0,0
25/06/90 06:00,62.709,81.997,84.222
25/06/90 07:00,237.53,273.5,276
25/06/90 08:00,434.43,500.73,503.22
25/06/90 09:00,603.69,680.35,682.66
25/06/90 10:00,728.47,815.52,818.28
25/06/90 11:00,815.6,917.09,921.06
25/06/90 12:00,855.43,930.63,936.01
25/06/90 13:00,835.4,888.79,895.66
25/06/90 14:00,792.65,767.55,775.72
25/06/90 15:00,621.35,600.2,609.69
25/06/90 16:00,425.64,390.7,399.89
25/06/90 17:00,214.04,179,186.84
25/06/90 18:00,17.169,7.6993,7.6016
25/06/90 19:00,0,0,0
25/06/90 20:00,0,0,0
25/06/90 21:00,0,0,0
25/06/90 22:00,0,0,0
25/06/90 23:00,0,0,0
26/06/90 00:00,0,0,0
26/06/90 01:00,0,0,0
26/06/90 02:00,0,0,0
26/06/90 03:00,0,0,0
26/06/90 04:00,0,0,0
26/06/90 05:00,0,0,0
26/06/90 06:00,71.897,38.627,38.723
26/06/90 07:00,271.09,185.98,186.94
26/06/90 08:00,493.6,519.07,521.5
26/06/90 09:00,696.25,589.37,590.94
26/06/90 10:00,851.87,512.98,514.03
26/06/90 11:00,936.87,413.84,414.59
26/06/90 12:00,958.76,427.66,428.73
26/06/90 13:00,924.21,736.23,740.66
26/06/90 14:00,814.47,494.13,497.33
26/06/90 15:00,649.45,245.13,246.03
26/06/90 16:00,439.11,263.39,266.37
26/06/90 17:00,216.81,16.51,16.387
26/06/90 18:00,13.593,0,0
26/06/90 19:00,0,0,0
26/06/90 20:00,0,0,0
26/06/90 21:00,0,0,0
26/06/90 22:00,0,0,0
26/06/90 23:00,0,0,0
27/06/90 00:00,0,0,0
27/06/90 01:00,0,0,0
27/06/90 02:00,0,0,0
27/06/90 03:00,0,0,0
27/06/90 04:00,0,0,0
27/06/90 05:00,0,0,0
27/06/90 06:00,10.9,27.172,27.198
27/06/90 07:00,100.52,103.05,103.18
27/06/90 08:00,172.45,181.18,181.44
27/06/90 09:00,248.64,246.01,246.37
27/06/90 10:00,331.27,275.25,275.63
27/06/90 11:00,336.22,306.45,306.95
27/06/90 12:00,331.87,296.97,297.47
27/06/90 13:00,319.53,299.73,300.32
27/06/90 14:00,290.58,259.98,260.55
27/06/90 15:00,212.96,198.54,199.03
27/06/90 16:00,137.03,102.95,103.18
27/06/90 17:00,60.99,52.164,52.223
27/06/90 18:00,0,0,0
27/06/90 19:00,0,0,0
27/06/90 20:00,0,0,0
27/06/90 21:00,0,0,0
27/06/90 22:00,0,0,0
27/06/90 23:00,0,0,0
28/06/90 00:00,0,0,0
28/06/90 01:00,0,0,0
28/06/90 02:00,0,0,0
28/06/90 03:00,0,0,0
28/06/90 04:00,0,0,0
28/06/90 05:00,0,0,0
28/06/90 06:00,30.338,14.323,14.312
28/06/90 07:00,276.22,49.07,49.145
28/06/90 08:00,506.37,85.828,85.865
28/06/90 09:00,714.34,137.35,137.46
28/06/90 10:00,867.52,201.77,202.1
28/06/90 11:00,961.66,242.9,243.12
28/06/90 12:00,991.2,228.74,229.08
28/06/90 13:00,943.08,205.08,205.41
28/06/90 14:00,839.35,215.2,215.61
28/06/90 15:00,666.86,177.7,178.08
28/06/90 16:00,457.39,120.38,120.61
28/06/90 17:00,229.3,56.147,56.133
28/06/90 18:00,15.279,0,0
28/06/90 19:00,0,0,0
28/06/90 20:00,0,0,0
28/06/90 21:00,0,0,0
28/06/90 22:00,0,0,0
28/06/90 23:00,0,0,0
29/06/90 00:00,0,0,0
29/06/90 01:00,0,0,0
29/06/90 02:00,0,0,0
29/06/90 03:00,0,0,0
29/06/90 04:00,0,0,0
29/06/90 05:00,0,0,0
29/06/90 06:00,10.508,76.906,78.935
29/06/90 07:00,83.72,263.33,265.61
29/06/90 08:00,155.34,478.19,480.37
29/06/90 09:00,210.04,674.75,676.91
29/06/90 10:00,264.88,822.25,824.88
29/06/90 11:00,283.77,913.37,917.21
29/06/90 12:00,312.36,926.94,931.88
29/06/90 13:00,303.92,872.26,878.48
29/06/90 14:00,261.83,767.45,775.37
29/06/90 15:00,197.36,608.29,617.75
29/06/90 16:00,129.18,410.16,420.32
29/06/90 17:00,61.979,197.78,206.83
29/06/90 18:00,0,10.763,10.68
29/06/90 19:00,0,0,0
29/06/90 20:00,0,0,0
29/06/90 21:00,0,0,0
29/06/90 22:00,0,0,0
29/06/90 23:00,0,0,0
30/06/90 00:00,0,0,0
30/06/90 01:00,0,0,0
30/06/90 02:00,0,0,0
30/06/90 03:00,0,0,0
30/06/90 04:00,0,0,0
30/06/90 05:00,0,0,0
30/06/90 06:00,28.256,89.29,91.619
30/06/90 07:00,222.51,294.52,297.36
30/06/90 08:00,429.55,526.77,529.5
30/06/90 09:00,655.62,729.26,731.91
30/06/90 10:00,781.89,887.11,890.06
30/06/90 11:00,850.97,465.07,466.09
30/06/90 12:00,893.09,492.45,493.77
30/06/90 13:00,866.9,458.78,460.38
30/06/90 14:00,742.99,385.54,387.14
30/06/90 15:00,580.82,312.75,314.02
30/06/90 16:00,409.56,187.57,188.41
30/06/90 17:00,201.26,64.213,64.262
30/06/90 18:00,14.479,0,0
30/06/90 19:00,0,0,0
30/06/90 20:00,0,0,0
30/06/90 21:00,0,0,0
30/06/90 22:00,0,0,0
30/06/90 23:00,0,0,0
1/7/1990 0:00,0,0,0
1/7/1990 1:00,0,0,0
1/7/1990 2:00,0,0,0
1/7/1990 3:00,0,0,0
1/7/1990 4:00,0,0,0
1/7/1990 5:00,0,0,0
1/7/1990 6:00,16.95,43.009,43.272
1/7/1990 7:00,99.615,154.13,154.68
1/7/1990 8:00,219.79,255.79,256.41
1/7/1990 9:00,342.59,358.61,359.25
1/7/1990 10:00,424.11,436.33,437.03
1/7/1990 11:00,517.07,465.5,466.52
1/7/1990 12:00,404.05,462.56,463.6
1/7/1990 13:00,378.85,476.8,478.49
1/7/1990 14:00,377.81,385.45,387.11
1/7/1990 15:00,366.73,244.21,245
1/7/1990 16:00,224.71,148.09,148.59
1/7/1990 17:00,87.481,65.003,65.075
1/7/1990 18:00,0,0,0
1/7/1990 19:00,0,0,0
1/7/1990 20:00,0,0,0
1/7/1990 21:00,0,0,0
1/7/1990 22:00,0,0,0
1/7/1990 23:00,0,0,0
2/7/1990 0:00,0,0,0
2/7/1990 1:00,0,0,0
2/7/1990 2:00,0,0,0
2/7/1990 3:00,0,0,0
2/7/1990 4:00,0,0,0
2/7/1990 5:00,0,0,0
2/7/1990 6:00,0,38.118,38.234
2/7/1990 7:00,43.236,147.72,148.18
2/7/1990 8:00,86.421,289.94,290.62
2/7/1990 9:00,119.8,316.24,316.76
2/7/1990 10:00,143.98,391.79,392.48
2/7/1990 11:00,154.86,466.31,467.33
2/7/1990 12:00,172.49,476.47,477.67
2/7/1990 13:00,150.99,347.33,348.39
2/7/1990 14:00,133.04,381.04,382.7
2/7/1990 15:00,89.511,239.92,240.71
2/7/1990 16:00,57.439,37.128,37.136
2/7/1990 17:00,32.625,34.54,34.419
2/7/1990 18:00,0,0,0
2/7/1990 19:00,0,0,0
2/7/1990 20:00,0,0,0
2/7/1990 21:00,0,0,0
2/7/1990 22:00,0,0,0
2/7/1990 23:00,0,0,0
3/7/1990 0:00,0,0,0
3/7/1990 1:00,0,0,0
3/7/1990 2:00,0,0,0
3/7/1990 3:00,0,0,0
3/7/1990 4:00,0,0,0
3/7/1990 5:00,0,0,0
3/7/1990 6:00,24.879,28.867,28.906
3/7/1990 7:00,266.86,138.04,138.44
3/7/1990 8:00,500.81,262.37,262.9
3/7/1990 9:00,670.18,354.52,355.23
3/7/1990 10:00,888.32,423.65,424.38
3/7/1990 11:00,475.49,518.86,520.11
3/7/1990 12:00,580.21,385,385.79
3/7/1990 13:00,603.72,365.93,367.07
3/7/1990 14:00,566.93,501.33,504.47
3/7/1990 15:00,445.18,488.31,493.83
3/7/1990 16:00,362.4,309.73,314.16
3/7/1990 17:00,245.39,221.97,231.63
3/7/1990 18:00,19.927,18.73,18.72
3/7/1990 19:00,0,0,0
3/7/1990 20:00,0,0,0
3/7/1990 21:00,0,0,0
3/7/1990 22:00,0,0,0
3/7/1990 23:00,0,0,0
4/7/1990 0:00,0,0,0
4/7/1990 1:00,0,0,0
4/7/1990 2:00,0,0,0
4/7/1990 3:00,0,0,0
4/7/1990 4:00,0,0,0
4/7/1990 5:00,0,0,0
4/7/1990 6:00,28.957,50.268,50.684
4/7/1990 7:00,265.35,164.73,165.41
4/7/1990 8:00,492.26,412.6,414.17
4/7/1990 9:00,697.54,603.35,605.07
4/7/1990 10:00,857.3,657,658.69
4/7/1990 11:00,944.77,116.76,116.95
4/7/1990 12:00,976.14,477.81,479.25
4/7/1990 13:00,930.51,489.05,490.97
4/7/1990 14:00,820.47,605.9,610.85
4/7/1990 15:00,653.88,616.02,625.17
4/7/1990 16:00,444.62,483.61,496.72
4/7/1990 17:00,221.6,231.37,242.77
4/7/1990 18:00,14.887,21.395,21.444
4/7/1990 19:00,0,0,0
4/7/1990 20:00,0,0,0
4/7/1990 21:00,0,0,0
4/7/1990 22:00,0,0,0
4/7/1990 23:00,0,0,0
5/7/1990 0:00,0,0,0
5/7/1990 1:00,0,0,0
5/7/1990 2:00,0,0,0
5/7/1990 3:00,0,0,0
5/7/1990 4:00,0,0,0
5/7/1990 5:00,0,0,0
5/7/1990 6:00,26.978,31.748,31.921
5/7/1990 7:00,255.58,100.86,101.06
5/7/1990 8:00,481.19,164.24,164.54
5/7/1990 9:00,688.2,257.57,257.95
5/7/1990 10:00,845.45,325.33,325.84
5/7/1990 11:00,936.02,346.65,347.24
5/7/1990 12:00,964.48,375.9,376.77
5/7/1990 13:00,934.47,350.94,351.97
5/7/1990 14:00,830.99,295.6,296.4
5/7/1990 15:00,665.1,222.47,223.1
5/7/1990 16:00,452.67,132.54,132.83
5/7/1990 17:00,229.26,60.031,60.142
5/7/1990 18:00,16.369,0,0
5/7/1990 19:00,0,0,0
5/7/1990 20:00,0,0,0
5/7/1990 21:00,0,0,0
5/7/1990 22:00,0,0,0
5/7/1990 23:00,0,0,0
6/7/1990 0:00,0,0,0
6/7/1990 1:00,0,0,0
6/7/1990 2:00,0,0,0
6/7/1990 3:00,0,0,0
6/7/1990 4:00,0,0,0
6/7/1990 5:00,0,0,0
6/7/1990 6:00,27.558,50.962,51.413
6/7/1990 7:00,283.52,171.71,172.46
6/7/1990 8:00,513.13,458.14,459.91
6/7/1990 9:00,717.83,520.57,521.83
6/7/1990 10:00,873.31,659.1,660.67
6/7/1990 11:00,968.01,750.24,752.64
6/7/1990 12:00,996.82,684.99,687.88
6/7/1990 13:00,950.07,514.93,516.99
6/7/1990 14:00,846.74,477.75,480.4
6/7/1990 15:00,688.13,220.47,221.11
6/7/1990 16:00,480.41,158.05,158.55
6/7/1990 17:00,246.82,19.603,19.562
6/7/1990 18:00,15.977,0,0
6/7/1990 19:00,0,0,0
6/7/1990 20:00,0,0,0
6/7/1990 21:00,0,0,0
6/7/1990 22:00,0,0,0
6/7/1990 23:00,0,0,0
7/7/1990 0:00,0,0,0
7/7/1990 1:00,0,0,0
7/7/1990 2:00,0,0,0
7/7/1990 3:00,0,0,0
7/7/1990 4:00,0,0,0
7/7/1990 5:00,0,0,0
7/7/1990 6:00,26.465,80.509,83.058
7/7/1990 7:00,259.37,288.95,291.78
7/7/1990 8:00,479.27,507.11,509.55
7/7/1990 9:00,675.16,697.57,699.91
7/7/1990 10:00,816.16,844.59,847.37
7/7/1990 11:00,907.31,926.33,930.11
7/7/1990 12:00,937.4,950.24,955.45
7/7/1990 13:00,899.16,908.13,915
7/7/1990 14:00,801.27,793.56,802.01
7/7/1990 15:00,640.78,618.27,627.93
7/7/1990 16:00,461.4,419.06,429.26
7/7/1990 17:00,243.18,206.37,215.68
7/7/1990 18:00,17.356,10.076,9.9758
7/7/1990 19:00,0,0,0
7/7/1990 20:00,0,0,0
7/7/1990 21:00,0,0,0
7/7/1990 22:00,0,0,0
7/7/1990 23:00,0,0,0
8/7/1990 0:00,0,0,0
8/7/1990 1:00,0,0,0
8/7/1990 2:00,0,0,0
8/7/1990 3:00,0,0,0
8/7/1990 4:00,0,0,0
8/7/1990 5:00,0,0,0
8/7/1990 6:00,3.6826,40.623,40.775
8/7/1990 7:00,72.9,113.92,114.17
8/7/1990 8:00,119.09,179.09,179.43
8/7/1990 9:00,162.34,244.31,244.75
8/7/1990 10:00,194.98,472.69,473.59
8/7/1990 11:00,196.34,858.11,861.08
8/7/1990 12:00,215.96,630.87,633.22
8/7/1990 13:00,260.44,446.59,448.15
8/7/1990 14:00,265.82,366.94,368.53
8/7/1990 15:00,194.49,582.55,590.49
8/7/1990 16:00,139.22,166.46,167.18
8/7/1990 17:00,75.174,268.93,279.48
8/7/1990 18:00,0,23.475,23.473
8/7/1990 19:00,0,0,0
8/7/1990 20:00,0,0,0
8/7/1990 21:00,0,0,0
8/7/1990 22:00,0,0,0
8/7/1990 23:00,0,0,0
9/7/1990 0:00,0,0,0
9/7/1990 1:00,0,0,0
9/7/1990 2:00,0,0,0
9/7/1990 3:00,0,0,0
9/7/1990 4:00,0,0,0
9/7/1990 5:00,0,0,0
9/7/1990 6:00,20.121,7.1687,7.1566
9/7/1990 7:00,91.472,83.536,83.674
9/7/1990 8:00,71.815,285.85,286.59
9/7/1990 9:00,168.38,628.92,630.55
9/7/1990 10:00,233.76,602.56,603.92
9/7/1990 11:00,334.33,638.7,640.45
9/7/1990 12:00,417,650.29,652.47
9/7/1990 13:00,399.53,656.94,660.11
9/7/1990 14:00,445.21,538.59,542.05
9/7/1990 15:00,291.98,463.11,467.7
9/7/1990 16:00,204.55,180.41,181.3
9/7/1990 17:00,85.487,130.2,132.44
9/7/1990 18:00,0,9.7781,9.6779
9/7/1990 19:00,0,0,0
9/7/1990 20:00,0,0,0
9/7/1990 21:00,0,0,0
9/7/1990 22:00,0,0,0
9/7/1990 23:00,0,0,0
10/7/1990 0:00,0,0,0
10/7/1990 1:00,0,0,0
10/7/1990 2:00,0,0,0
10/7/1990 3:00,0,0,0
10/7/1990 4:00,0,0,0
10/7/1990 5:00,0,0,0
10/7/1990 6:00,25.886,87.379,90.215
10/7/1990 7:00,280.44,313.85,317.02
10/7/1990 8:00,522.24,559.01,561.85
10/7/1990 9:00,736.76,773.03,775.85
10/7/1990 10:00,939.02,930.84,934.13
10/7/1990 11:00,650.07,1024.3,1028.7
10/7/1990 12:00,656.4,1044.1,1050.1
10/7/1990 13:00,594.18,992.72,1000.6
10/7/1990 14:00,531.56,873.73,883.56
10/7/1990 15:00,433.68,691.54,703.23
10/7/1990 16:00,298.36,465.68,478.39
10/7/1990 17:00,163.1,222.45,234.04
10/7/1990 18:00,11.122,9.1851,9.0868
10/7/1990 19:00,0,0,0
10/7/1990 20:00,0,0,0
10/7/1990 21:00,0,0,0
10/7/1990 22:00,0,0,0
10/7/1990 23:00,0,0,0
11/7/1990 0:00,0,0,0
11/7/1990 1:00,0,0,0
11/7/1990 2:00,0,0,0
11/7/1990 3:00,0,0,0
11/7/1990 4:00,0,0,0
11/7/1990 5:00,0,0,0
11/7/1990 6:00,12.689,75.598,77.775
11/7/1990 7:00,114.43,279.91,282.29
11/7/1990 8:00,215.42,509.7,511.95
11/7/1990 9:00,299.39,713.34,715.59
11/7/1990 10:00,345.31,866.85,869.53
11/7/1990 11:00,356.53,969.06,972.95
11/7/1990 12:00,356.17,989.8,995.14
11/7/1990 13:00,332.78,947.38,954.62
11/7/1990 14:00,291.68,838.42,847.52
11/7/1990 15:00,242.59,669.5,680.48
11/7/1990 16:00,161.17,458.66,471.14
11/7/1990 17:00,79.845,222.57,233.97
11/7/1990 18:00,0,12.063,11.969
11/7/1990 19:00,0,0,0
11/7/1990 20:00,0,0,0
11/7/1990 21:00,0,0,0
11/7/1990 22:00,0,0,0
11/7/1990 23:00,0,0,0
12/7/1990 0:00,0,0,0
12/7/1990 1:00,0,0,0
12/7/1990 2:00,0,0,0
12/7/1990 3:00,0,0,0
12/7/1990 4:00,0,0,0
12/7/1990 5:00,0,0,0
12/7/1990 6:00,25.187,77.893,80.1
12/7/1990 7:00,232.01,282.62,285.13
12/7/1990 8:00,437.85,454.92,456.62
12/7/1990 9:00,638.23,655.37,657.17
12/7/1990 10:00,806.31,757.25,759.18
12/7/1990 11:00,888.3,767.53,769.65
12/7/1990 12:00,907.67,820.54,824.13
12/7/1990 13:00,895.53,761.04,765.66
12/7/1990 14:00,776.48,676.01,681.46
12/7/1990 15:00,597.95,516.29,522.1
12/7/1990 16:00,409.08,369.77,376.88
12/7/1990 17:00,197.98,163.59,167.72
12/7/1990 18:00,13.388,10.369,10.27
12/7/1990 19:00,0,0,0
12/7/1990 20:00,0,0,0
12/7/1990 21:00,0,0,0
12/7/1990 22:00,0,0,0
12/7/1990 23:00,0,0,0
13/07/90 00:00,0,0,0
13/07/90 01:00,0,0,0
13/07/90 02:00,0,0,0
13/07/90 03:00,0,0,0
13/07/90 04:00,0,0,0
13/07/90 05:00,0,0,0
13/07/90 06:00,24.283,58.47,59.59
13/07/90 07:00,296.01,189.37,190.2
13/07/90 08:00,531.51,348.09,348.94
13/07/90 09:00,782.64,461.05,461.86
13/07/90 10:00,1002.1,527.45,528.37
13/07/90 11:00,673.17,614.84,616.32
13/07/90 12:00,499.36,630.91,632.86
13/07/90 13:00,447.93,533.13,535.08
13/07/90 14:00,453.29,499.84,502.8
13/07/90 15:00,368.56,361.29,363.67
13/07/90 16:00,244.2,235.37,236.81
13/07/90 17:00,126.88,101.48,102.16
13/07/90 18:00,5.9751,0,0
13/07/90 19:00,0,0,0
13/07/90 20:00,0,0,0
13/07/90 21:00,0,0,0
13/07/90 22:00,0,0,0
13/07/90 23:00,0,0,0
14/07/90 00:00,0,0,0
14/07/90 01:00,0,0,0
14/07/90 02:00,0,0,0
14/07/90 03:00,0,0,0
14/07/90 04:00,0,0,0
14/07/90 05:00,0,0,0
14/07/90 06:00,8.6162,39.422,39.69
14/07/90 07:00,119.62,134.36,134.73
14/07/90 08:00,288.72,317.51,318.24
14/07/90 09:00,306.88,467.93,468.74
14/07/90 10:00,63.024,512.78,513.63
14/07/90 11:00,488.67,614.33,615.68
14/07/90 12:00,444.1,702.38,704.85
14/07/90 13:00,569.67,598.31,600.83
14/07/90 14:00,371.26,519.71,522.77
14/07/90 15:00,418.05,378.68,381.29
14/07/90 16:00,153.71,272.37,275.14
14/07/90 17:00,63.769,103.97,104.66
14/07/90 18:00,15.671,0,0
14/07/90 19:00,0,0,0
14/07/90 20:00,0,0,0
14/07/90 21:00,0,0,0
14/07/90 22:00,0,0,0
14/07/90 23:00,0,0,0
15/07/90 00:00,0,0,0
15/07/90 01:00,0,0,0
15/07/90 02:00,0,0,0
15/07/90 03:00,0,0,0
15/07/90 04:00,0,0,0
15/07/90 05:00,0,0,0
15/07/90 06:00,0,33.049,33.124
15/07/90 07:00,62.185,261.82,263.59
15/07/90 08:00,108.95,468.59,470.15
15/07/90 09:00,134.21,675.65,677.36
15/07/90 10:00,177.17,827.94,830.03
15/07/90 11:00,204.39,874.97,877.67
15/07/90 12:00,204.33,897.38,901.44
15/07/90 13:00,246.23,833.11,838.28
15/07/90 14:00,201.71,686.66,692.14
15/07/90 15:00,142.33,577.66,585.46
15/07/90 16:00,104.28,376.54,384.11
15/07/90 17:00,49.688,183.52,190.23
15/07/90 18:00,0,12.36,12.269
15/07/90 19:00,0,0,0
15/07/90 20:00,0,0,0
15/07/90 21:00,0,0,0
15/07/90 22:00,0,0,0
15/07/90 23:00,0,0,0
16/07/90 00:00,0,0,0
16/07/90 01:00,0,0,0
16/07/90 02:00,0,0,0
16/07/90 03:00,0,0,0
16/07/90 04:00,0,0,0
16/07/90 05:00,0,0,0
16/07/90 06:00,15.551,0,0
16/07/90 07:00,228.53,23.782,23.806
16/07/90 08:00,410.84,139.42,139.67
16/07/90 09:00,559.6,253.59,254.02
16/07/90 10:00,479.56,262.19,262.52
16/07/90 11:00,593.7,617.22,618.56
16/07/90 12:00,407.08,718.95,721.55
16/07/90 13:00,268.71,772.58,776.89
16/07/90 14:00,310.58,273.04,274.01
16/07/90 15:00,244.67,439.14,442.97
16/07/90 16:00,128.79,497.79,509.3
16/07/90 17:00,20.233,239.08,250.28
16/07/90 18:00,0,39.665,42.807
16/07/90 19:00,0,0,0
16/07/90 20:00,0,0,0
16/07/90 21:00,0,0,0
16/07/90 22:00,0,0,0
16/07/90 23:00,0,0,0
17/07/90 00:00,0,0,0
17/07/90 01:00,0,0,0
17/07/90 02:00,0,0,0
17/07/90 03:00,0,0,0
17/07/90 04:00,0,0,0
17/07/90 05:00,0,0,0
17/07/90 06:00,28.753,30.465,30.619
17/07/90 07:00,77.373,278.9,280.73
17/07/90 08:00,297.89,514.07,515.92
17/07/90 09:00,440.83,722.48,724.23
17/07/90 10:00,498.71,881.01,883.28
17/07/90 11:00,206.88,971.35,974.61
17/07/90 12:00,337.77,998.39,1003.3
17/07/90 13:00,369.1,953.76,960.54
17/07/90 14:00,106.03,843.6,852.26
17/07/90 15:00,440.03,666.15,676.46
17/07/90 16:00,171,450.7,462.09
17/07/90 17:00,197.31,215.96,226.29
17/07/90 18:00,18.94,11.08,10.987
17/07/90 19:00,0,0,0
17/07/90 20:00,0,0,0
17/07/90 21:00,0,0,0
17/07/90 22:00,0,0,0
17/07/90 23:00,0,0,0
18/07/90 00:00,0,0,0
18/07/90 01:00,0,0,0
18/07/90 02:00,0,0,0
18/07/90 03:00,0,0,0
18/07/90 04:00,0,0,0
18/07/90 05:00,0,0,0
18/07/90 06:00,25.784,20.196,20.321
18/07/90 07:00,225.54,147.65,148.09
18/07/90 08:00,438.16,255.39,255.82
18/07/90 09:00,603.9,378.89,379.4
18/07/90 10:00,762.37,453.52,454.14
18/07/90 11:00,855.78,488.83,489.62
18/07/90 12:00,873.69,553.23,554.57
18/07/90 13:00,831.35,446,447.33
18/07/90 14:00,751.58,401.34,402.92
18/07/90 15:00,576.79,247.21,247.93
18/07/90 16:00,382.5,142.52,142.84
18/07/90 17:00,192.58,48.576,48.513
18/07/90 18:00,13.797,0,0
18/07/90 19:00,0,0,0
18/07/90 20:00,0,0,0
18/07/90 21:00,0,0,0
18/07/90 22:00,0,0,0
18/07/90 23:00,0,0,0
19/07/90 00:00,0,0,0
19/07/90 01:00,0,0,0
19/07/90 02:00,0,0,0
19/07/90 03:00,0,0,0
19/07/90 04:00,0,0,0
19/07/90 05:00,0,0,0
19/07/90 06:00,13.371,30.251,30.323
19/07/90 07:00,124.5,241.4,242.76
19/07/90 08:00,228.67,440.04,441.07
19/07/90 09:00,316.81,635.26,636.33
19/07/90 10:00,417.54,792.52,794.03
19/07/90 11:00,520.7,881.7,884.22
19/07/90 12:00,479.2,885.2,888.73
19/07/90 13:00,438.24,863.89,869.35
19/07/90 14:00,383.9,775.52,782.45
19/07/90 15:00,263.45,587.45,595.13
19/07/90 16:00,175.06,372.18,379.03
19/07/90 17:00,83.801,157.7,161.55
19/07/90 18:00,0,0,0
19/07/90 19:00,0,0,0
19/07/90 20:00,0,0,0
19/07/90 21:00,0,0,0
19/07/90 22:00,0,0,0
19/07/90 23:00,0,0,0
20/07/90 00:00,0,0,0
20/07/90 01:00,0,0,0
20/07/90 02:00,0,0,0
20/07/90 03:00,0,0,0
20/07/90 04:00,0,0,0
20/07/90 05:00,0,0,0
20/07/90 06:00,20.82,0,0
20/07/90 07:00,226.15,24.473,24.516
20/07/90 08:00,395.79,38.825,38.876
20/07/90 09:00,542.07,54.963,55.052
20/07/90 10:00,648.52,331.02,331.56
20/07/90 11:00,672.47,439.53,440.19
20/07/90 12:00,756.46,480.84,481.79
20/07/90 13:00,746.21,510.25,511.89
20/07/90 14:00,624.63,735.22,741.2
20/07/90 15:00,618.63,705.65,715.96
20/07/90 16:00,443.62,384.97,392.09
20/07/90 17:00,228.67,225.2,234.88
20/07/90 18:00,19.927,13.94,13.759
20/07/90 19:00,0,0,0
20/07/90 20:00,0,0,0
20/07/90 21:00,0,0,0
20/07/90 22:00,0,0,0
20/07/90 23:00,0,0,0
21/07/90 00:00,0,0,0
21/07/90 01:00,0,0,0
21/07/90 02:00,0,0,0
21/07/90 03:00,0,0,0
21/07/90 04:00,0,0,0
21/07/90 05:00,0,0,0
21/07/90 06:00,21.707,0,0
21/07/90 07:00,228.84,43.59,43.662
21/07/90 08:00,446.42,116.8,117
21/07/90 09:00,643.2,156.98,157.23
21/07/90 10:00,744.94,202.46,202.76
21/07/90 11:00,853.8,215.67,215.9
21/07/90 12:00,925.18,244.31,244.73
21/07/90 13:00,864.05,232.9,233.26
21/07/90 14:00,778.37,183.51,183.87
21/07/90 15:00,592.3,172.92,173.24
21/07/90 16:00,373.63,104.44,104.56
21/07/90 17:00,185.58,51.357,51.327
21/07/90 18:00,12.808,0,0
21/07/90 19:00,0,0,0
21/07/90 20:00,0,0,0
21/07/90 21:00,0,0,0
21/07/90 22:00,0,0,0
21/07/90 23:00,0,0,0
22/07/90 00:00,0,0,0
22/07/90 01:00,0,0,0
22/07/90 02:00,0,0,0
22/07/90 03:00,0,0,0
22/07/90 04:00,0,0,0
22/07/90 05:00,0,0,0
22/07/90 06:00,22.201,10.951,11.047
22/07/90 07:00,247.76,33.142,33.182
22/07/90 08:00,461.62,62.028,62.112
22/07/90 09:00,634.9,202.03,202.35
22/07/90 10:00,797.9,235.07,235.42
22/07/90 11:00,872.32,237.02,237.38
22/07/90 12:00,911.97,275.74,276.22
22/07/90 13:00,887.36,505.44,507
22/07/90 14:00,774,382.3,383.45
22/07/90 15:00,604.79,343.42,345.16
22/07/90 16:00,428.95,232.66,234
22/07/90 17:00,222.19,76.956,77.224
22/07/90 18:00,18.156,0,0
22/07/90 19:00,0,0,0
22/07/90 20:00,0,0,0
22/07/90 21:00,0,0,0
22/07/90 22:00,0,0,0
22/07/90 23:00,0,0,0
23/07/90 00:00,0,0,0
23/07/90 01:00,0,0,0
23/07/90 02:00,0,0,0
23/07/90 03:00,0,0,0
23/07/90 04:00,0,0,0
23/07/90 05:00,0,0,0
23/07/90 06:00,21.912,21.891,21.909
23/07/90 07:00,265.63,310.05,311.89
23/07/90 08:00,502.13,608.28,609.95
23/07/90 09:00,710.98,717.55,718.55
23/07/90 10:00,873.18,789.69,790.67
23/07/90 11:00,981.79,496.39,497.15
23/07/90 12:00,1019.3,502.81,503.83
23/07/90 13:00,981.41,403.92,404.96
23/07/90 14:00,882.7,316.95,317.66
23/07/90 15:00,714.65,399.98,403.01
23/07/90 16:00,496.87,365.1,371.28
23/07/90 17:00,257.95,186.2,193.41
23/07/90 18:00,17.254,10.759,10.684
23/07/90 19:00,0,0,0
23/07/90 20:00,0,0,0
23/07/90 21:00,0,0,0
23/07/90 22:00,0,0,0
23/07/90 23:00,0,0,0
24/07/90 00:00,0,0,0
24/07/90 01:00,0,0,0
24/07/90 02:00,0,0,0
24/07/90 03:00,0,0,0
24/07/90 04:00,0,0,0
24/07/90 05:00,0,0,0
24/07/90 06:00,11.887,28.457,28.522
24/07/90 07:00,21.313,243,244.06
24/07/90 08:00,100.62,452.9,453.77
24/07/90 09:00,273.52,650.22,650.93
24/07/90 10:00,366.23,799.55,800.73
24/07/90 11:00,398.78,901.85,903.92
24/07/90 12:00,549.51,929.35,932.81
24/07/90 13:00,391.53,872.41,877.4
24/07/90 14:00,378.2,747.86,753.94
24/07/90 15:00,415.12,608.69,616.59
24/07/90 16:00,335.91,413.07,422.17
24/07/90 17:00,185.58,190.58,198.24
24/07/90 18:00,14.478,8.9852,8.8934
24/07/90 19:00,0,0,0
24/07/90 20:00,0,0,0
24/07/90 21:00,0,0,0
24/07/90 22:00,0,0,0
24/07/90 23:00,0,0,0
25/07/90 00:00,0,0,0
25/07/90 01:00,0,0,0
25/07/90 02:00,0,0,0
25/07/90 03:00,0,0,0
25/07/90 04:00,0,0,0
25/07/90 05:00,0,0,0
25/07/90 06:00,0,10.737,10.749
25/07/90 07:00,62.185,126.79,126.97
25/07/90 08:00,138.86,210.3,210.56
25/07/90 09:00,207.67,280.92,281.25
25/07/90 10:00,278.92,350.48,350.91
25/07/90 11:00,380.45,414.64,415.15
25/07/90 12:00,359.09,527.76,528.89
25/07/90 13:00,464.72,569.93,571.7
25/07/90 14:00,376.95,493.06,495.46
25/07/90 15:00,391.74,489.62,494.2
25/07/90 16:00,213.4,398.1,405.63
25/07/90 17:00,98.48,237.77,248.35
25/07/90 18:00,0,19.023,19.016
25/07/90 19:00,0,0,0
25/07/90 20:00,0,0,0
25/07/90 21:00,0,0,0
25/07/90 22:00,0,0,0
25/07/90 23:00,0,0,0
26/07/90 00:00,0,0,0
26/07/90 01:00,0,0,0
26/07/90 02:00,0,0,0
26/07/90 03:00,0,0,0
26/07/90 04:00,0,0,0
26/07/90 05:00,0,0,0
26/07/90 06:00,13.182,30.86,30.918
26/07/90 07:00,114.55,283.99,285.34
26/07/90 08:00,324.05,502.3,503.07
26/07/90 09:00,480.35,765.41,766.26
26/07/90 10:00,554.37,713.02,713.73
26/07/90 11:00,596,854.4,855.9
26/07/90 12:00,684.55,738.15,740.19
26/07/90 13:00,539.15,518.25,519.76
26/07/90 14:00,403.14,472.17,474.31
26/07/90 15:00,377.33,83.336,83.361
26/07/90 16:00,264.49,35.433,35.446
26/07/90 17:00,103.33,16.609,16.593
26/07/90 18:00,0,0,0
26/07/90 19:00,0,0,0
26/07/90 20:00,0,0,0
26/07/90 21:00,0,0,0
26/07/90 22:00,0,0,0
26/07/90 23:00,0,0,0
27/07/90 00:00,0,0,0
27/07/90 01:00,0,0,0
27/07/90 02:00,0,0,0
27/07/90 03:00,0,0,0
27/07/90 04:00,0,0,0
27/07/90 05:00,0,0,0
27/07/90 06:00,19.729,18.205,18.214
27/07/90 07:00,228.27,163.62,164.08
27/07/90 08:00,449.8,289.05,289.38
27/07/90 09:00,608.56,401.08,401.43
27/07/90 10:00,796.07,459.32,459.64
27/07/90 11:00,893.62,517.17,517.78
27/07/90 12:00,873.52,559.18,560.21
27/07/90 13:00,797.57,577.04,578.89
27/07/90 14:00,736.83,408.62,410.12
27/07/90 15:00,595.73,251.29,252.02
27/07/90 16:00,424.75,188.47,189.3
27/07/90 17:00,221.52,66.303,66.475
27/07/90 18:00,16.76,0,0
27/07/90 19:00,0,0,0
27/07/90 20:00,0,0,0
27/07/90 21:00,0,0,0
27/07/90 22:00,0,0,0
27/07/90 23:00,0,0,0
28/07/90 00:00,0,0,0
28/07/90 01:00,0,0,0
28/07/90 02:00,0,0,0
28/07/90 03:00,0,0,0
28/07/90 04:00,0,0,0
28/07/90 05:00,0,0,0
28/07/90 06:00,15.96,7.662,7.6574
28/07/90 07:00,187.54,67.091,67.107
28/07/90 08:00,374.81,125.57,125.77
28/07/90 09:00,561.26,179.3,179.47
28/07/90 10:00,735.22,224.49,224.72
28/07/90 11:00,798.42,252.37,252.74
28/07/90 12:00,899.95,251.11,251.4
28/07/90 13:00,893.39,238.59,239.03
28/07/90 14:00,778.34,212.02,212.35
28/07/90 15:00,642.55,165.93,166.21
28/07/90 16:00,442.39,108.23,108.36
28/07/90 17:00,227.77,51.555,51.627
28/07/90 18:00,18.257,0,0
28/07/90 19:00,0,0,0
28/07/90 20:00,0,0,0
28/07/90 21:00,0,0,0
28/07/90 22:00,0,0,0
28/07/90 23:00,0,0,0
29/07/90 00:00,0,0,0
29/07/90 01:00,0,0,0
29/07/90 02:00,0,0,0
29/07/90 03:00,0,0,0
29/07/90 04:00,0,0,0
29/07/90 05:00,0,0,0
29/07/90 06:00,19.131,15.129,15.133
29/07/90 07:00,132.72,152.95,153.31
29/07/90 08:00,463.21,480.77,481.27
29/07/90 09:00,604.34,743.33,743.68
29/07/90 10:00,565.06,685.37,685.77
29/07/90 11:00,384.82,808.84,809.98
29/07/90 12:00,344.76,688.25,689.82
29/07/90 13:00,451.07,601.92,603.94
29/07/90 14:00,735.01,648.48,652.51
29/07/90 15:00,383.58,358.8,360.74
29/07/90 16:00,396.76,236.96,238.29
29/07/90 17:00,102.75,133.5,135.53
29/07/90 18:00,22.019,9.3036,9.2169
29/07/90 19:00,0,0,0
29/07/90 20:00,0,0,0
29/07/90 21:00,0,0,0
29/07/90 22:00,0,0,0
29/07/90 23:00,0,0,0
30/07/90 00:00,0,0,0
30/07/90 01:00,0,0,0
30/07/90 02:00,0,0,0
30/07/90 03:00,0,0,0
30/07/90 04:00,0,0,0
30/07/90 05:00,0,0,0
30/07/90 06:00,0,26.367,26.422
30/07/90 07:00,42.825,235.5,236.27
30/07/90 08:00,55.643,452.8,453.15
30/07/90 09:00,55.868,651.32,651.54
30/07/90 10:00,183.45,812.91,813.45
30/07/90 11:00,312.76,871.09,872.34
30/07/90 12:00,335.31,898.28,900.84
30/07/90 13:00,385.57,815.04,818.72
30/07/90 14:00,393.77,719.49,724.64
30/07/90 15:00,283.06,558.07,563.82
30/07/90 16:00,161.46,352.51,357.91
30/07/90 17:00,71.407,150.5,153.77
30/07/90 18:00,8.0359,0,0
30/07/90 19:00,0,0,0
30/07/90 20:00,0,0,0
30/07/90 21:00,0,0,0
30/07/90 22:00,0,0,0
30/07/90 23:00,0,0,0
31/07/90 00:00,0,0,0
31/07/90 01:00,0,0,0
31/07/90 02:00,0,0,0
31/07/90 03:00,0,0,0
31/07/90 04:00,0,0,0
31/07/90 05:00,0,0,0
31/07/90 06:00,11.188,24.475,24.523
31/07/90 07:00,147.89,211.73,212.31
31/07/90 08:00,243.32,452.91,453.13
31/07/90 09:00,358.2,795,795.1
31/07/90 10:00,487.58,550.73,550.92
31/07/90 11:00,488.77,572.9,573.38
31/07/90 12:00,458.89,458.01,458.71
31/07/90 13:00,382.37,412.61,413.48
31/07/90 14:00,336.46,67.517,67.617
31/07/90 15:00,259.58,53.462,53.534
31/07/90 16:00,165.73,35.828,35.761
31/07/90 17:00,77.953,16.922,16.891
31/07/90 18:00,0,0,0
31/07/90 19:00,0,0,0
31/07/90 20:00,0,0,0
31/07/90 21:00,0,0,0
31/07/90 22:00,0,0,0
31/07/90 23:00,0,0,0
1/8/1990 0:00,0,0,0
1/8/1990 1:00,0,0,0
1/8/1990 2:00,0,0,0
1/8/1990 3:00,0,0,0
1/8/1990 4:00,0,0,0
1/8/1990 5:00,0,0,0
1/8/1990 6:00,0,0,0
1/8/1990 7:00,56.726,29.458,29.398
1/8/1990 8:00,39.272,73.17,73.19
1/8/1990 9:00,56.55,190.38,190.45
1/8/1990 10:00,69.988,478.59,478.51
1/8/1990 11:00,831.31,547.5,547.47
1/8/1990 12:00,748.94,614.65,615.23
1/8/1990 13:00,393.74,695.2,697.16
1/8/1990 14:00,634.88,559.39,561.63
1/8/1990 15:00,765.19,323.43,324.8
1/8/1990 16:00,521.73,325.41,329.37
1/8/1990 17:00,257.68,239.74,249.21
1/8/1990 18:00,46.716,19.908,19.825
1/8/1990 19:00,0,0,0
1/8/1990 20:00,0,0,0
1/8/1990 21:00,0,0,0
1/8/1990 22:00,0,0,0
1/8/1990 23:00,0,0,0
2/8/1990 0:00,0,0,0
2/8/1990 1:00,0,0,0
2/8/1990 2:00,0,0,0
2/8/1990 3:00,0,0,0
2/8/1990 4:00,0,0,0
2/8/1990 5:00,0,0,0
2/8/1990 6:00,23.191,20.591,20.627
2/8/1990 7:00,205.23,216.64,216.9
2/8/1990 8:00,40.159,396.11,395.8
2/8/1990 9:00,515.33,677.7,677.2
2/8/1990 10:00,761.65,761.25,760.78
2/8/1990 11:00,376.02,836.11,836.21
2/8/1990 12:00,648.88,800.06,801.05
2/8/1990 13:00,585.2,761.42,763.54
2/8/1990 14:00,837.98,631.9,634.74
2/8/1990 15:00,459.01,407.58,409.63
2/8/1990 16:00,329.34,316.11,319.22
2/8/1990 17:00,29.061,155.2,158.12
2/8/1990 18:00,13.984,8.0031,7.9218
2/8/1990 19:00,0,0,0
2/8/1990 20:00,0,0,0
2/8/1990 21:00,0,0,0
2/8/1990 22:00,0,0,0
2/8/1990 23:00,0,0,0
3/8/1990 0:00,0,0,0
3/8/1990 1:00,0,0,0
3/8/1990 2:00,0,0,0
3/8/1990 3:00,0,0,0
3/8/1990 4:00,0,0,0
3/8/1990 5:00,0,0,0
3/8/1990 6:00,0,30.054,30.123
3/8/1990 7:00,52.154,308.84,309.65
3/8/1990 8:00,121.56,578.8,578.94
3/8/1990 9:00,159.55,816.71,815.96
3/8/1990 10:00,186.73,1001.2,1001
3/8/1990 11:00,196.25,453.4,453.4
3/8/1990 12:00,206.15,417.27,417.44
3/8/1990 13:00,187.87,412.71,412.98
3/8/1990 14:00,162.94,407.24,408.03
3/8/1990 15:00,132.71,301.56,302.18
3/8/1990 16:00,87.9,178.7,179.1
3/8/1990 17:00,45.716,94.003,94.387
3/8/1990 18:00,0,0,0
3/8/1990 19:00,0,0,0
3/8/1990 20:00,0,0,0
3/8/1990 21:00,0,0,0
3/8/1990 22:00,0,0,0
3/8/1990 23:00,0,0,0
4/8/1990 0:00,0,0,0
4/8/1990 1:00,0,0,0
4/8/1990 2:00,0,0,0
4/8/1990 3:00,0,0,0
4/8/1990 4:00,0,0,0
4/8/1990 5:00,0,0,0
4/8/1990 6:00,25.974,18.814,18.831
4/8/1990 7:00,261.22,140.25,140.28
4/8/1990 8:00,546.98,271.96,271.9
4/8/1990 9:00,524.33,391.68,391.51
4/8/1990 10:00,585.63,441.14,440.93
4/8/1990 11:00,480.64,606.87,606.69
4/8/1990 12:00,391.01,603.47,603.82
4/8/1990 13:00,503.38,635.98,637.27
4/8/1990 14:00,159.38,480.16,481.54
4/8/1990 15:00,59.332,380.57,382.3
4/8/1990 16:00,40.369,293.16,295.65
4/8/1990 17:00,19.84,117.92,119.29
4/8/1990 18:00,0,0,0
4/8/1990 19:00,0,0,0
4/8/1990 20:00,0,0,0
4/8/1990 21:00,0,0,0
4/8/1990 22:00,0,0,0
4/8/1990 23:00,0,0,0
5/8/1990 0:00,0,0,0
5/8/1990 1:00,0,0,0
5/8/1990 2:00,0,0,0
5/8/1990 3:00,0,0,0
5/8/1990 4:00,0,0,0
5/8/1990 5:00,0,0,0
5/8/1990 6:00,32.64,24.59,24.623
5/8/1990 7:00,262.12,193.96,194.07
5/8/1990 8:00,393.53,290.55,290.37
5/8/1990 9:00,393.32,339.52,339.02
5/8/1990 10:00,480.61,591.88,591.23
5/8/1990 11:00,1027.9,429.81,429.22
5/8/1990 12:00,961.2,612.25,612.33
5/8/1990 13:00,574.86,856.8,859.57
5/8/1990 14:00,236.21,794.79,799.67
5/8/1990 15:00,52.185,725.84,734.34
5/8/1990 16:00,35.408,431.04,439.01
5/8/1990 17:00,51.477,217.43,226.86
5/8/1990 18:00,0,10.114,10.011
5/8/1990 19:00,0,0,0
5/8/1990 20:00,0,0,0
5/8/1990 21:00,0,0,0
5/8/1990 22:00,0,0,0
5/8/1990 23:00,0,0,0
6/8/1990 0:00,0,0,0
6/8/1990 1:00,0,0,0
6/8/1990 2:00,0,0,0
6/8/1990 3:00,0,0,0
6/8/1990 4:00,0,0,0
6/8/1990 5:00,0,0,0
6/8/1990 6:00,12.09,7.366,7.3676
6/8/1990 7:00,73.995,71.782,71.788
6/8/1990 8:00,88.893,138.12,138.24
6/8/1990 9:00,55.271,190.57,190.53
6/8/1990 10:00,166.76,227.29,227.29
6/8/1990 11:00,131.83,248.79,248.81
6/8/1990 12:00,79.468,258.7,258.77
6/8/1990 13:00,454.59,251.86,251.9
6/8/1990 14:00,594.08,220.69,220.84
6/8/1990 15:00,662.76,169.92,170.1
6/8/1990 16:00,503.22,116,116.06
6/8/1990 17:00,243.33,52.756,52.724
6/8/1990 18:00,22.8,0,0
6/8/1990 19:00,0,0,0
6/8/1990 20:00,0,0,0
6/8/1990 21:00,0,0,0
6/8/1990 22:00,0,0,0
6/8/1990 23:00,0,0,0
7/8/1990 0:00,0,0,0
7/8/1990 1:00,0,0,0
7/8/1990 2:00,0,0,0
7/8/1990 3:00,0,0,0
7/8/1990 4:00,0,0,0
7/8/1990 5:00,0,0,0
7/8/1990 6:00,10.897,23.487,23.518
7/8/1990 7:00,136.42,238.21,238.25
7/8/1990 8:00,283.28,441.32,440.48
7/8/1990 9:00,407.41,642.05,640.75
7/8/1990 10:00,579.67,824.39,823.25
7/8/1990 11:00,583.59,808.02,807.3
7/8/1990 12:00,564.85,816.41,816.84
7/8/1990 13:00,584.74,824.93,826.98
7/8/1990 14:00,508.68,729.47,733.23
7/8/1990 15:00,348.21,546.84,551.14
7/8/1990 16:00,203.87,342,346.47
7/8/1990 17:00,97.389,161.34,165.57
7/8/1990 18:00,0,0,0
7/8/1990 19:00,0,0,0
7/8/1990 20:00,0,0,0
7/8/1990 21:00,0,0,0
7/8/1990 22:00,0,0,0
7/8/1990 23:00,0,0,0
8/8/1990 0:00,0,0,0
8/8/1990 1:00,0,0,0
8/8/1990 2:00,0,0,0
8/8/1990 3:00,0,0,0
8/8/1990 4:00,0,0,0
8/8/1990 5:00,0,0,0
8/8/1990 6:00,0,0,0
8/8/1990 7:00,79.953,48.066,48.054
8/8/1990 8:00,150.68,150.27,150.3
8/8/1990 9:00,231.04,57.251,57.347
8/8/1990 10:00,304.03,575.23,574.37
8/8/1990 11:00,337.55,301.01,300.94
8/8/1990 12:00,340.32,803.19,803.54
8/8/1990 13:00,357.79,737.46,738.97
8/8/1990 14:00,297.56,926.88,932.23
8/8/1990 15:00,235.73,439.93,442.55
8/8/1990 16:00,134.46,336.42,339.75
8/8/1990 17:00,61.484,95.706,96.217
8/8/1990 18:00,0,0,0
8/8/1990 19:00,0,0,0
8/8/1990 20:00,0,0,0
8/8/1990 21:00,0,0,0
8/8/1990 22:00,0,0,0
8/8/1990 23:00,0,0,0
9/8/1990 0:00,0,0,0
9/8/1990 1:00,0,0,0
9/8/1990 2:00,0,0,0
9/8/1990 3:00,0,0,0
9/8/1990 4:00,0,0,0
9/8/1990 5:00,0,0,0
9/8/1990 6:00,0,14.126,14.138
9/8/1990 7:00,29.151,152.85,152.91
9/8/1990 8:00,57.434,38.529,38.587
9/8/1990 9:00,82.758,196.86,196.9
9/8/1990 10:00,94.518,416.75,416.4
9/8/1990 11:00,114.13,644.02,643.49
9/8/1990 12:00,109.9,621.37,621.48
9/8/1990 13:00,101.5,744.14,745.62
9/8/1990 14:00,88.452,619.81,622.16
9/8/1990 15:00,74.822,352.9,354.16
9/8/1990 16:00,49.901,196.06,196.6
9/8/1990 17:00,23.112,92.11,92.373
9/8/1990 18:00,0,0,0
9/8/1990 19:00,0,0,0
9/8/1990 20:00,0,0,0
9/8/1990 21:00,0,0,0
9/8/1990 22:00,0,0,0
9/8/1990 23:00,0,0,0
10/8/1990 0:00,0,0,0
10/8/1990 1:00,0,0,0
10/8/1990 2:00,0,0,0
10/8/1990 3:00,0,0,0
10/8/1990 4:00,0,0,0
10/8/1990 5:00,0,0,0
10/8/1990 6:00,13.18,17.416,17.336
10/8/1990 7:00,136.93,143.55,143.59
10/8/1990 8:00,317.93,274.16,273.96
10/8/1990 9:00,463.77,420.44,419.97
10/8/1990 10:00,527.35,526.47,525.62
10/8/1990 11:00,630.55,612.97,612.33
10/8/1990 12:00,554.83,530.98,531.06
10/8/1990 13:00,588.17,542.26,542.89
10/8/1990 14:00,428.28,470.08,471.14
10/8/1990 15:00,451.77,372.98,374.46
10/8/1990 16:00,246.53,213.42,214.15
10/8/1990 17:00,127.06,100.09,100.52
10/8/1990 18:00,0,0,0
10/8/1990 19:00,0,0,0
10/8/1990 20:00,0,0,0
10/8/1990 21:00,0,0,0
10/8/1990 22:00,0,0,0
10/8/1990 23:00,0,0,0
11/8/1990 0:00,0,0,0
11/8/1990 1:00,0,0,0
11/8/1990 2:00,0,0,0
11/8/1990 3:00,0,0,0
11/8/1990 4:00,0,0,0
11/8/1990 5:00,0,0,0
11/8/1990 6:00,0,62.777,63.148
11/8/1990 7:00,18.534,267.31,266.8
11/8/1990 8:00,37.089,529.57,527.85
11/8/1990 9:00,54.077,731.35,729.18
11/8/1990 10:00,68.896,873.6,871.42
11/8/1990 11:00,76.08,950.9,949.58
11/8/1990 12:00,77.986,323.35,323.3
11/8/1990 13:00,74.778,73.314,73.323
11/8/1990 14:00,68.791,64.24,64.221
11/8/1990 15:00,52.287,50.384,50.339
11/8/1990 16:00,35.305,32.948,32.964
11/8/1990 17:00,17.061,14.833,14.807
11/8/1990 18:00,0,0,0
11/8/1990 19:00,0,0,0
11/8/1990 20:00,0,0,0
11/8/1990 21:00,0,0,0
11/8/1990 22:00,0,0,0
11/8/1990 23:00,0,0,0
12/8/1990 0:00,0,0,0
12/8/1990 1:00,0,0,0
12/8/1990 2:00,0,0,0
12/8/1990 3:00,0,0,0
12/8/1990 4:00,0,0,0
12/8/1990 5:00,0,0,0
12/8/1990 6:00,8.4265,0,0
12/8/1990 7:00,128.05,131.48,131.48
12/8/1990 8:00,287.09,243.33,243.25
12/8/1990 9:00,376.59,207.11,206.96
12/8/1990 10:00,546.71,237.76,237.64
12/8/1990 11:00,664.85,374.26,373.95
12/8/1990 12:00,614.6,752.95,752.87
12/8/1990 13:00,702.52,634.49,635.34
12/8/1990 14:00,565.04,601.54,603.6
12/8/1990 15:00,403.13,617.01,622.34
12/8/1990 16:00,234.67,326.3,329.75
12/8/1990 17:00,102.24,177.09,182.78
12/8/1990 18:00,0,8.7283,8.6752
12/8/1990 19:00,0,0,0
12/8/1990 20:00,0,0,0
12/8/1990 21:00,0,0,0
12/8/1990 22:00,0,0,0
12/8/1990 23:00,0,0,0
13/08/90 00:00,0,0,0
13/08/90 01:00,0,0,0
13/08/90 02:00,0,0,0
13/08/90 03:00,0,0,0
13/08/90 04:00,0,0,0
13/08/90 05:00,0,0,0
13/08/90 06:00,18.142,0,0
13/08/90 07:00,219.9,79.75,79.763
13/08/90 08:00,324.82,245.82,245.74
13/08/90 09:00,386.97,379.5,378.98
13/08/90 10:00,469.9,531.97,531.04
13/08/90 11:00,543.86,563.43,562.68
13/08/90 12:00,469.47,580.02,579.81
13/08/90 13:00,478.54,539.14,539.57
13/08/90 14:00,538.48,469.36,470.34
13/08/90 15:00,350.89,407.25,408.91
13/08/90 16:00,332.81,236.51,237.78
13/08/90 17:00,211.26,94.996,95.447
13/08/90 18:00,13.716,0,0
13/08/90 19:00,0,0,0
13/08/90 20:00,0,0,0
13/08/90 21:00,0,0,0
13/08/90 22:00,0,0,0
13/08/90 23:00,0,0,0
14/08/90 00:00,0,0,0
14/08/90 01:00,0,0,0
14/08/90 02:00,0,0,0
14/08/90 03:00,0,0,0
14/08/90 04:00,0,0,0
14/08/90 05:00,0,0,0
14/08/90 06:00,11.493,15.425,15.445
14/08/90 07:00,144.92,110.03,110.09
14/08/90 08:00,336.82,222.66,222.7
14/08/90 09:00,548.75,317.73,317.59
14/08/90 10:00,716.12,467.02,466.4
14/08/90 11:00,718.14,478.92,478.47
14/08/90 12:00,667.34,489.18,489.19
14/08/90 13:00,711.69,528.94,529.3
14/08/90 14:00,673.96,431.42,432.17
14/08/90 15:00,467.98,349.62,350.66
14/08/90 16:00,273.04,229.68,230.47
14/08/90 17:00,206.23,86.822,87.105
14/08/90 18:00,0,0,0
14/08/90 19:00,0,0,0
14/08/90 20:00,0,0,0
14/08/90 21:00,0,0,0
14/08/90 22:00,0,0,0
14/08/90 23:00,0,0,0
15/08/90 00:00,0,0,0
15/08/90 01:00,0,0,0
15/08/90 02:00,0,0,0
15/08/90 03:00,0,0,0
15/08/90 04:00,0,0,0
15/08/90 05:00,0,0,0
15/08/90 06:00,17.647,21.891,21.923
15/08/90 07:00,234.83,241.29,240.65
15/08/90 08:00,465.53,468.28,466.23
15/08/90 09:00,679.02,668.01,665.54
15/08/90 10:00,834.28,824.69,822.23
15/08/90 11:00,932.25,929.63,927.97
15/08/90 12:00,947.04,956.23,955.81
15/08/90 13:00,895.92,920.95,922.55
15/08/90 14:00,795.84,813.73,817.55
15/08/90 15:00,633.71,637.61,643.41
15/08/90 16:00,414.31,415.31,422.32
15/08/90 17:00,188.78,185.07,191.84
15/08/90 18:00,7.8708,0,0
15/08/90 19:00,0,0,0
15/08/90 20:00,0,0,0
15/08/90 21:00,0,0,0
15/08/90 22:00,0,0,0
15/08/90 23:00,0,0,0
16/08/90 00:00,0,0,0
16/08/90 01:00,0,0,0
16/08/90 02:00,0,0,0
16/08/90 03:00,0,0,0
16/08/90 04:00,0,0,0
16/08/90 05:00,0,0,0
16/08/90 06:00,14.663,10.54,10.555
16/08/90 07:00,220.72,105.85,105.89
16/08/90 08:00,445.45,207.42,207.32
16/08/90 09:00,693.14,298.77,298.62
16/08/90 10:00,805.51,337.42,337.3
16/08/90 11:00,874.06,381.06,380.75
16/08/90 12:00,823.04,400.14,399.94
16/08/90 13:00,692,367.94,368.01
16/08/90 14:00,618.25,309.77,310.05
16/08/90 15:00,464.22,248.49,248.87
16/08/90 16:00,337.54,140.52,140.69
16/08/90 17:00,171.04,56.543,56.542
16/08/90 18:00,5.6873,0,0
16/08/90 19:00,0,0,0
16/08/90 20:00,0,0,0
16/08/90 21:00,0,0,0
16/08/90 22:00,0,0,0
16/08/90 23:00,0,0,0
17/08/90 00:00,0,0,0
17/08/90 01:00,0,0,0
17/08/90 02:00,0,0,0
17/08/90 03:00,0,0,0
17/08/90 04:00,0,0,0
17/08/90 05:00,0,0,0
17/08/90 06:00,15.96,22.697,23.127
17/08/90 07:00,209.13,251.2,255.37
17/08/90 08:00,425.78,468.08,475.74
17/08/90 09:00,632.96,660.13,670.96
17/08/90 10:00,774.21,788.55,801.91
17/08/90 11:00,851.45,877.49,893.43
17/08/90 12:00,914.17,894.3,911.9
17/08/90 13:00,879.6,840.53,858.55
17/08/90 14:00,761.12,719.98,737.14
17/08/90 15:00,598.05,580.85,597.26
17/08/90 16:00,397.93,365.81,378.41
17/08/90 17:00,185.82,156.68,164.66
17/08/90 18:00,8.7747,0,0
17/08/90 19:00,0,0,0
17/08/90 20:00,0,0,0
17/08/90 21:00,0,0,0
17/08/90 22:00,0,0,0
17/08/90 23:00,0,0,0
18/08/90 00:00,0,0,0
18/08/90 01:00,0,0,0
18/08/90 02:00,0,0,0
18/08/90 03:00,0,0,0
18/08/90 04:00,0,0,0
18/08/90 05:00,0,0,0
18/08/90 06:00,17.34,10.737,10.771
18/08/90 07:00,258.37,116.41,116.46
18/08/90 08:00,500.88,215.39,215.38
18/08/90 09:00,719.2,291.99,291.82
18/08/90 10:00,876.39,361.76,361.53
18/08/90 11:00,974.9,406.85,406.4
18/08/90 12:00,997.25,427.54,427.29
18/08/90 13:00,943.98,383.16,383.28
18/08/90 14:00,831.04,307.56,307.82
18/08/90 15:00,658.58,233.84,234.13
18/08/90 16:00,436.67,145.8,146
18/08/90 17:00,201.56,62.815,62.878
18/08/90 18:00,1.5859,0,0
18/08/90 19:00,0,0,0
18/08/90 20:00,0,0,0
18/08/90 21:00,0,0,0
18/08/90 22:00,0,0,0
18/08/90 23:00,0,0,0
19/08/90 00:00,0,0,0
19/08/90 01:00,0,0,0
19/08/90 02:00,0,0,0
19/08/90 03:00,0,0,0
19/08/90 04:00,0,0,0
19/08/90 05:00,0,0,0
19/08/90 06:00,15.958,10.737,10.772
19/08/90 07:00,205.14,104.15,104.19
19/08/90 08:00,311.66,212.1,212.08
19/08/90 09:00,433.3,293.67,293.6
19/08/90 10:00,900.39,381.12,380.88
19/08/90 11:00,688.95,399.17,398.68
19/08/90 12:00,1124.5,401.35,401.06
19/08/90 13:00,366.76,359.85,359.92
19/08/90 14:00,316.87,315.96,316.22
19/08/90 15:00,121.88,249,249.26
19/08/90 16:00,95.728,155.47,155.73
19/08/90 17:00,17.061,58.238,58.253
19/08/90 18:00,0,0,0
19/08/90 19:00,0,0,0
19/08/90 20:00,0,0,0
19/08/90 21:00,0,0,0
19/08/90 22:00,0,0,0
19/08/90 23:00,0,0,0
20/08/90 00:00,0,0,0
20/08/90 01:00,0,0,0
20/08/90 02:00,0,0,0
20/08/90 03:00,0,0,0
20/08/90 04:00,0,0,0
20/08/90 05:00,0,0,0
20/08/90 06:00,30.947,15.919,15.946
20/08/90 07:00,273.2,173.29,172.82
20/08/90 08:00,550.12,310.62,310.05
20/08/90 09:00,629.53,427.44,426.56
20/08/90 10:00,477.78,446.22,445.53
20/08/90 11:00,563.61,525.32,524.61
20/08/90 12:00,606.1,597.49,597.04
20/08/90 13:00,497.82,560.87,561.06
20/08/90 14:00,360.47,486.26,487.04
20/08/90 15:00,54.469,374.57,375.78
20/08/90 16:00,36.208,225.1,225.89
20/08/90 17:00,16.754,80.648,80.775
20/08/90 18:00,0,0,0
20/08/90 19:00,0,0,0
20/08/90 20:00,0,0,0
20/08/90 21:00,0,0,0
20/08/90 22:00,0,0,0
20/08/90 23:00,0,0,0
21/08/90 00:00,0,0,0
21/08/90 01:00,0,0,0
21/08/90 02:00,0,0,0
21/08/90 03:00,0,0,0
21/08/90 04:00,0,0,0
21/08/90 05:00,0,0,0
21/08/90 06:00,16.555,22.286,22.339
21/08/90 07:00,234.6,255.3,253.89
21/08/90 08:00,470.66,489.43,486.42
21/08/90 09:00,680.62,692.32,688.71
21/08/90 10:00,825.72,863.76,860.01
21/08/90 11:00,924.6,963.5,960.61
21/08/90 12:00,955.62,990.68,989.38
21/08/90 13:00,914.5,946.58,947.24
21/08/90 14:00,791.43,830.86,833.91
21/08/90 15:00,626.49,651.71,656.92
21/08/90 16:00,416.83,426.6,433.59
21/08/90 17:00,188.49,186.04,192.64
21/08/90 18:00,7.5963,0,0
21/08/90 19:00,0,0,0
21/08/90 20:00,0,0,0
21/08/90 21:00,0,0,0
21/08/90 22:00,0,0,0
21/08/90 23:00,0,0,0
22/08/90 00:00,0,0,0
22/08/90 01:00,0,0,0
22/08/90 02:00,0,0,0
22/08/90 03:00,0,0,0
22/08/90 04:00,0,0,0
22/08/90 05:00,0,0,0
22/08/90 06:00,15.753,10.639,10.677
22/08/90 07:00,185.46,93.991,94.018
22/08/90 08:00,396.97,169.91,169.9
22/08/90 09:00,571.08,369.8,369.12
22/08/90 10:00,742.61,375.73,375.44
22/08/90 11:00,858.02,461.24,460.52
22/08/90 12:00,849.57,361.44,361.08
22/08/90 13:00,816.23,521.74,521.84
22/08/90 14:00,695.08,342.88,343.2
22/08/90 15:00,487.91,181.8,181.97
22/08/90 16:00,316.97,34.33,34.269
22/08/90 17:00,143.1,37.024,36.936
22/08/90 18:00,0,0,0
22/08/90 19:00,0,0,0
22/08/90 20:00,0,0,0
22/08/90 21:00,0,0,0
22/08/90 22:00,0,0,0
22/08/90 23:00,0,0,0
23/08/90 00:00,0,0,0
23/08/90 01:00,0,0,0
23/08/90 02:00,0,0,0
23/08/90 03:00,0,0,0
23/08/90 04:00,0,0,0
23/08/90 05:00,0,0,0
23/08/90 06:00,11.287,17.12,17.152
23/08/90 07:00,183.2,183.27,182.51
23/08/90 08:00,351.71,380.16,378.64
23/08/90 09:00,493.98,628.25,625.18
23/08/90 10:00,506.15,698.17,695.48
23/08/90 11:00,659.88,846.1,843.44
23/08/90 12:00,696.55,774.62,773.2
23/08/90 13:00,711.27,859.59,859.96
23/08/90 14:00,712.25,699.37,701.13
23/08/90 15:00,672.72,490.61,492.78
23/08/90 16:00,384.62,263.59,265.12
23/08/90 17:00,167.11,85.642,85.763
23/08/90 18:00,9.0831,0,0
23/08/90 19:00,0,0,0
23/08/90 20:00,0,0,0
23/08/90 21:00,0,0,0
23/08/90 22:00,0,0,0
23/08/90 23:00,0,0,0
24/08/90 00:00,0,0,0
24/08/90 01:00,0,0,0
24/08/90 02:00,0,0,0
24/08/90 03:00,0,0,0
24/08/90 04:00,0,0,0
24/08/90 05:00,0,0,0
24/08/90 06:00,11.1,17.712,17.747
24/08/90 07:00,139.36,174.99,174.34
24/08/90 08:00,318.77,197.74,197.69
24/08/90 09:00,507.47,353.25,352.92
24/08/90 10:00,639.37,439.93,439.11
24/08/90 11:00,734.22,582.31,580.88
24/08/90 12:00,700.63,647.74,646.73
24/08/90 13:00,644.45,673.14,673
24/08/90 14:00,603.26,573.16,574.13
24/08/90 15:00,440.47,519.26,521.85
24/08/90 16:00,273.58,302.32,304.94
24/08/90 17:00,125.46,193.72,199.8
24/08/90 18:00,0,3.5962,7.0497
24/08/90 19:00,0,0,0
24/08/90 20:00,0,0,0
24/08/90 21:00,0,0,0
24/08/90 22:00,0,0,0
24/08/90 23:00,0,0,0
25/08/90 00:00,0,0,0
25/08/90 01:00,0,0,0
25/08/90 02:00,0,0,0
25/08/90 03:00,0,0,0
25/08/90 04:00,0,0,0
25/08/90 05:00,0,0,0
25/08/90 06:00,20.921,19.407,19.444
25/08/90 07:00,271.36,230.02,228.72
25/08/90 08:00,480.32,367.47,365.9
25/08/90 09:00,623.49,589.95,587.2
25/08/90 10:00,699.02,717.13,714.22
25/08/90 11:00,828.52,773.75,771.31
25/08/90 12:00,710.41,763.45,762
25/08/90 13:00,544.24,800.34,800.31
25/08/90 14:00,367.41,540.09,540.61
25/08/90 15:00,376.47,390.16,391.14
25/08/90 16:00,201.19,291.23,293.33
25/08/90 17:00,96.393,130.71,132.96
25/08/90 18:00,0,0,0
25/08/90 19:00,0,0,0
25/08/90 20:00,0,0,0
25/08/90 21:00,0,0,0
25/08/90 22:00,0,0,0
25/08/90 23:00,0,0,0
26/08/90 00:00,0,0,0
26/08/90 01:00,0,0,0
26/08/90 02:00,0,0,0
26/08/90 03:00,0,0,0
26/08/90 04:00,0,0,0
26/08/90 05:00,0,0,0
26/08/90 06:00,9.7024,11.346,11.374
26/08/90 07:00,147.25,119.9,119.79
26/08/90 08:00,310.59,234.73,234.52
26/08/90 09:00,467.56,339.28,338.95
26/08/90 10:00,572.84,441.83,440.84
26/08/90 11:00,588,496.85,495.93
26/08/90 12:00,605.61,463.6,463.46
26/08/90 13:00,550.7,399.02,399.05
26/08/90 14:00,468.26,380.4,380.66
26/08/90 15:00,366.93,252.89,253.21
26/08/90 16:00,221.27,150.08,150.3
26/08/90 17:00,91.332,62.223,62.279
26/08/90 18:00,0,0,0
26/08/90 19:00,0,0,0
26/08/90 20:00,0,0,0
26/08/90 21:00,0,0,0
26/08/90 22:00,0,0,0
26/08/90 23:00,0,0,0
27/08/90 00:00,0,0,0
27/08/90 01:00,0,0,0
27/08/90 02:00,0,0,0
27/08/90 03:00,0,0,0
27/08/90 04:00,0,0,0
27/08/90 05:00,0,0,0
27/08/90 06:00,0,40.688,40.617
27/08/90 07:00,84.138,225.3,223.83
27/08/90 08:00,170.48,301.03,300.11
27/08/90 09:00,250.15,330.53,329.81
27/08/90 10:00,296.18,334.52,334.19
27/08/90 11:00,339.57,90.169,89.989
27/08/90 12:00,334.76,519.62,518.66
27/08/90 13:00,329.14,992.64,992.39
27/08/90 14:00,292,675.71,676.87
27/08/90 15:00,228.88,452.39,454.07
27/08/90 16:00,143.78,261.96,263.61
27/08/90 17:00,60.101,71.279,71.43
27/08/90 18:00,0,7.7063,7.6588
27/08/90 19:00,0,0,0
27/08/90 20:00,0,0,0
27/08/90 21:00,0,0,0
27/08/90 22:00,0,0,0
27/08/90 23:00,0,0,0
28/08/90 00:00,0,0,0
28/08/90 01:00,0,0,0
28/08/90 02:00,0,0,0
28/08/90 03:00,0,0,0
28/08/90 04:00,0,0,0
28/08/90 05:00,0,0,0
28/08/90 06:00,16.059,13.238,13.271
28/08/90 07:00,203.2,140.76,140.47
28/08/90 08:00,415.13,347.4,345.88
28/08/90 09:00,594.89,514.28,512.12
28/08/90 10:00,746.88,579.32,577.22
28/08/90 11:00,881.44,647.64,645.82
28/08/90 12:00,902.22,623.55,622.56
28/08/90 13:00,865.7,582.52,582.31
28/08/90 14:00,751.08,473.05,473.47
28/08/90 15:00,597.65,377.57,378.59
28/08/90 16:00,378.9,432.59,438.01
28/08/90 17:00,156.49,195.89,202.84
28/08/90 18:00,0,0,0
28/08/90 19:00,0,0,0
28/08/90 20:00,0,0,0
28/08/90 21:00,0,0,0
28/08/90 22:00,0,0,0
28/08/90 23:00,0,0,0
29/08/90 00:00,0,0,0
29/08/90 01:00,0,0,0
29/08/90 02:00,0,0,0
29/08/90 03:00,0,0,0
29/08/90 04:00,0,0,0
29/08/90 05:00,0,0,0
29/08/90 06:00,16.844,16.725,16.764
29/08/90 07:00,227.22,189.46,188.35
29/08/90 08:00,445.82,457.61,454.36
29/08/90 09:00,641.72,596.34,593
29/08/90 10:00,762.42,804.7,800.56
29/08/90 11:00,848.96,736.4,733.52
29/08/90 12:00,854.24,793.29,791.14
29/08/90 13:00,859.65,768.9,768.23
29/08/90 14:00,766.26,631.08,631.68
29/08/90 15:00,603.97,584.42,587.74
29/08/90 16:00,418.03,289.93,291.92
29/08/90 17:00,185.4,117.43,119.15
29/08/90 18:00,0,0,0
29/08/90 19:00,0,0,0
29/08/90 20:00,0,0,0
29/08/90 21:00,0,0,0
29/08/90 22:00,0,0,0
29/08/90 23:00,0,0,0
30/08/90 00:00,0,0,0
30/08/90 01:00,0,0,0
30/08/90 02:00,0,0,0
30/08/90 03:00,0,0,0
30/08/90 04:00,0,0,0
30/08/90 05:00,0,0,0
30/08/90 06:00,8.8161,20.805,20.848
30/08/90 07:00,123.05,236.9,235.12
30/08/90 08:00,240.15,437.53,434.24
30/08/90 09:00,316.65,668.32,663.89
30/08/90 10:00,390.68,738.24,734.15
30/08/90 11:00,454.12,864.7,860.91
30/08/90 12:00,505.55,841.63,839.11
30/08/90 13:00,500.39,766.29,765.4
30/08/90 14:00,449.01,623.29,623.67
30/08/90 15:00,309.33,542.75,545.18
30/08/90 16:00,192.66,333.07,336.35
30/08/90 17:00,77.456,133.42,136.61
30/08/90 18:00,0,0,0
30/08/90 19:00,0,0,0
30/08/90 20:00,0,0,0
30/08/90 21:00,0,0,0
30/08/90 22:00,0,0,0
30/08/90 23:00,0,0,0
31/08/90 00:00,0,0,0
31/08/90 01:00,0,0,0
31/08/90 02:00,0,0,0
31/08/90 03:00,0,0,0
31/08/90 04:00,0,0,0
31/08/90 05:00,0,0,0
31/08/90 06:00,15.257,26.466,26.521
31/08/90 07:00,249.79,286.65,283.86
31/08/90 08:00,488.91,369.27,367.33
31/08/90 09:00,726.13,184.89,184.84
31/08/90 10:00,906.79,92.632,92.661
31/08/90 11:00,526.45,535.76,534.51
31/08/90 12:00,555.77,478.38,477.6
31/08/90 13:00,547.2,275.2,275.25
31/08/90 14:00,488.97,444.77,444.98
31/08/90 15:00,335.87,511.45,513.28
31/08/90 16:00,213.42,317.88,320.84
31/08/90 17:00,77.746,129.82,132.54
31/08/90 18:00,0,0,0
31/08/90 19:00,0,0,0
31/08/90 20:00,0,0,0
31/08/90 21:00,0,0,0
31/08/90 22:00,0,0,0
31/08/90 23:00,0,0,0
1/9/1990 0:00,0,0,0
1/9/1990 1:00,0,0,0
1/9/1990 2:00,0,0,0
1/9/1990 3:00,0,0,0
1/9/1990 4:00,0,0,0
1/9/1990 5:00,0,0,0
1/9/1990 6:00,7.9132,22.089,22.149
1/9/1990 7:00,136.67,308.13,304.86
1/9/1990 8:00,277.26,623.83,618.14
1/9/1990 9:00,422.97,830.26,824.23
1/9/1990 10:00,471.95,1065.9,1060.2
1/9/1990 11:00,521.29,597.78,596.12
1/9/1990 12:00,515.46,551.87,551.25
1/9/1990 13:00,495.61,496.19,496.12
1/9/1990 14:00,430.13,443.57,444.14
1/9/1990 15:00,381.67,310.25,310.98
1/9/1990 16:00,239.36,222.53,223.51
1/9/1990 17:00,105.7,90.665,91.271
1/9/1990 18:00,0,0,0
1/9/1990 19:00,0,0,0
1/9/1990 20:00,0,0,0
1/9/1990 21:00,0,0,0
1/9/1990 22:00,0,0,0
1/9/1990 23:00,0,0,0
2/9/1990 0:00,0,0,0
2/9/1990 1:00,0,0,0
2/9/1990 2:00,0,0,0
2/9/1990 3:00,0,0,0
2/9/1990 4:00,0,0,0
2/9/1990 5:00,0,0,0
2/9/1990 6:00,8.3219,0,0
2/9/1990 7:00,126.03,81.642,81.638
2/9/1990 8:00,238.06,209.41,209.37
2/9/1990 9:00,373.16,293.28,293.23
2/9/1990 10:00,433.44,353.97,353.86
2/9/1990 11:00,437.48,452.45,452.32
2/9/1990 12:00,452.46,453.9,453.92
2/9/1990 13:00,429.55,396.42,396.55
2/9/1990 14:00,384.54,367.83,368.25
2/9/1990 15:00,273.12,239.32,239.74
2/9/1990 16:00,166.82,157.36,157.71
2/9/1990 17:00,72.392,80.659,81.011
2/9/1990 18:00,0,0,0
2/9/1990 19:00,0,0,0
2/9/1990 20:00,0,0,0
2/9/1990 21:00,0,0,0
2/9/1990 22:00,0,0,0
2/9/1990 23:00,0,0,0
3/9/1990 0:00,0,0,0
3/9/1990 1:00,0,0,0
3/9/1990 2:00,0,0,0
3/9/1990 3:00,0,0,0
3/9/1990 4:00,0,0,0
3/9/1990 5:00,0,0,0
3/9/1990 6:00,0,7.5635,7.5926
3/9/1990 7:00,19.128,109.54,109.62
3/9/1990 8:00,37.975,193.34,193.35
3/9/1990 9:00,55.066,253.48,253.5
3/9/1990 10:00,94.519,245.93,246.02
3/9/1990 11:00,566.39,312.13,312.2
3/9/1990 12:00,722.43,604.34,603.13
3/9/1990 13:00,707.46,743.82,743.15
3/9/1990 14:00,656.67,783.78,784.9
3/9/1990 15:00,438.18,699.85,703.95
3/9/1990 16:00,446.37,440.52,446.15
3/9/1990 17:00,149.02,140.53,144.08
3/9/1990 18:00,5.8922,0,0
3/9/1990 19:00,0,0,0
3/9/1990 20:00,0,0,0
3/9/1990 21:00,0,0,0
3/9/1990 22:00,0,0,0
3/9/1990 23:00,0,0,0
4/9/1990 0:00,0,0,0
4/9/1990 1:00,0,0,0
4/9/1990 2:00,0,0,0
4/9/1990 3:00,0,0,0
4/9/1990 4:00,0,0,0
4/9/1990 5:00,0,0,0
4/9/1990 6:00,5.8983,22.599,22.645
4/9/1990 7:00,99.035,271.18,268.26
4/9/1990 8:00,211.77,519.76,514.47
4/9/1990 9:00,308.49,739.99,734.01
4/9/1990 10:00,357.62,901.69,895.93
4/9/1990 11:00,381.91,995.85,991.09
4/9/1990 12:00,371.87,1009.4,1006
4/9/1990 13:00,331.62,958.87,957.82
4/9/1990 14:00,283.15,833.32,834.58
4/9/1990 15:00,212.58,644.58,648.25
4/9/1990 16:00,137.82,406.52,411.95
4/9/1990 17:00,54.441,159.87,165.24
4/9/1990 18:00,0,0,0
4/9/1990 19:00,0,0,0
4/9/1990 20:00,0,0,0
4/9/1990 21:00,0,0,0
4/9/1990 22:00,0,0,0
4/9/1990 23:00,0,0,0
5/9/1990 0:00,0,0,0
5/9/1990 1:00,0,0,0
5/9/1990 2:00,0,0,0
5/9/1990 3:00,0,0,0
5/9/1990 4:00,0,0,0
5/9/1990 5:00,0,0,0
5/9/1990 6:00,16.058,21.891,22.038
5/9/1990 7:00,241.77,259.9,256.98
5/9/1990 8:00,472.38,501.7,496.43
5/9/1990 9:00,683.01,717.36,711.37
5/9/1990 10:00,846.11,878.15,872.21
5/9/1990 11:00,935.65,967.4,962.36
5/9/1990 12:00,963.44,992.65,989.18
5/9/1990 13:00,916.89,941.69,940.29
5/9/1990 14:00,801.07,809.96,810.86
5/9/1990 15:00,622.12,616.23,619.27
5/9/1990 16:00,397.63,390.47,395.4
5/9/1990 17:00,164.09,150.57,155.47
5/9/1990 18:00,0,0,0
5/9/1990 19:00,0,0,0
5/9/1990 20:00,0,0,0
5/9/1990 21:00,0,0,0
5/9/1990 22:00,0,0,0
5/9/1990 23:00,0,0,0
6/9/1990 0:00,0,0,0
6/9/1990 1:00,0,0,0
6/9/1990 2:00,0,0,0
6/9/1990 3:00,0,0,0
6/9/1990 4:00,0,0,0
6/9/1990 5:00,0,0,0
6/9/1990 6:00,16.74,15.919,15.968
6/9/1990 7:00,249.4,181.47,180.29
6/9/1990 8:00,491.72,328.6,327.33
6/9/1990 9:00,708.66,474.73,472.51
6/9/1990 10:00,870.91,596.39,593.82
6/9/1990 11:00,959.98,589.86,588.55
6/9/1990 12:00,978.34,609.62,608.62
6/9/1990 13:00,924.55,619.17,618.38
6/9/1990 14:00,811.2,471.85,472.28
6/9/1990 15:00,625.85,373.48,374.39
6/9/1990 16:00,401.32,244.8,245.99
6/9/1990 17:00,162.78,99.431,100.7
6/9/1990 18:00,0,0,0
6/9/1990 19:00,0,0,0
6/9/1990 20:00,0,0,0
6/9/1990 21:00,0,0,0
6/9/1990 22:00,0,0,0
6/9/1990 23:00,0,0,0
7/9/1990 0:00,0,0,0
7/9/1990 1:00,0,0,0
7/9/1990 2:00,0,0,0
7/9/1990 3:00,0,0,0
7/9/1990 4:00,0,0,0
7/9/1990 5:00,0,0,0
7/9/1990 6:00,16.553,0,0
7/9/1990 7:00,241.08,125.19,125.06
7/9/1990 8:00,480.72,288.74,287.86
7/9/1990 9:00,694.6,363.62,363.31
7/9/1990 10:00,847.96,413.84,413.53
7/9/1990 11:00,933.36,591.3,589.25
7/9/1990 12:00,960.16,569.04,568.09
7/9/1990 13:00,910.92,518.41,518.09
7/9/1990 14:00,781.95,275.84,276.05
7/9/1990 15:00,599.13,163.14,163.33
7/9/1990 16:00,374,33.046,33.074
7/9/1990 17:00,148.79,19.207,19.193
7/9/1990 18:00,0,0,0
7/9/1990 19:00,0,0,0
7/9/1990 20:00,0,0,0
7/9/1990 21:00,0,0,0
7/9/1990 22:00,0,0,0
7/9/1990 23:00,0,0,0
8/9/1990 0:00,0,0,0
8/9/1990 1:00,0,0,0
8/9/1990 2:00,0,0,0
8/9/1990 3:00,0,0,0
8/9/1990 4:00,0,0,0
8/9/1990 5:00,0,0,0
8/9/1990 6:00,17.047,35.14,35.147
8/9/1990 7:00,234.38,193.95,192.47
8/9/1990 8:00,473.33,213.19,213.06
8/9/1990 9:00,686.85,430.93,429.43
8/9/1990 10:00,830.78,392.7,392.39
8/9/1990 11:00,908.47,298.86,298.89
8/9/1990 12:00,937.46,192.36,192.54
8/9/1990 13:00,878.2,423.26,423.05
8/9/1990 14:00,763.14,495.51,495.65
8/9/1990 15:00,574.77,307.13,307.72
8/9/1990 16:00,346.6,331.65,334.45
8/9/1990 17:00,131.08,161.18,165.43
8/9/1990 18:00,0,0,0
8/9/1990 19:00,0,0,0
8/9/1990 20:00,0,0,0
8/9/1990 21:00,0,0,0
8/9/1990 22:00,0,0,0
8/9/1990 23:00,0,0,0
9/9/1990 0:00,0,0,0
9/9/1990 1:00,0,0,0
9/9/1990 2:00,0,0,0
9/9/1990 3:00,0,0,0
9/9/1990 4:00,0,0,0
9/9/1990 5:00,0,0,0
9/9/1990 6:00,8.5083,21.2,21.252
9/9/1990 7:00,122.14,219.62,217.4
9/9/1990 8:00,240.47,411.09,407.7
9/9/1990 9:00,399.64,561.6,557.87
9/9/1990 10:00,472.18,708.46,704.34
9/9/1990 11:00,555.6,768.35,764.59
9/9/1990 12:00,591.85,738.63,736.11
9/9/1990 13:00,575.44,767.49,765.45
9/9/1990 14:00,457,618.97,619.08
9/9/1990 15:00,367.23,493.24,494.72
9/9/1990 16:00,203.98,299.38,301.73
9/9/1990 17:00,80.417,106.83,108.45
9/9/1990 18:00,0,0,0
9/9/1990 19:00,0,0,0
9/9/1990 20:00,0,0,0
9/9/1990 21:00,0,0,0
9/9/1990 22:00,0,0,0
9/9/1990 23:00,0,0,0
10/9/1990 0:00,0,0,0
10/9/1990 1:00,0,0,0
10/9/1990 2:00,0,0,0
10/9/1990 3:00,0,0,0
10/9/1990 4:00,0,0,0
10/9/1990 5:00,0,0,0
10/9/1990 6:00,9.5131,0,0
10/9/1990 7:00,122.45,44.297,44.388
10/9/1990 8:00,254.82,71.985,72.099
10/9/1990 9:00,373.79,103.57,103.72
10/9/1990 10:00,434.16,136.07,136.24
10/9/1990 11:00,504.71,157.94,157.99
10/9/1990 12:00,485.14,174.51,174.58
10/9/1990 13:00,504.81,181.35,181.36
10/9/1990 14:00,409.29,135.27,135.36
10/9/1990 15:00,350.01,110.23,110.3
10/9/1990 16:00,202.89,78.843,78.874
10/9/1990 17:00,77.247,29.555,29.563
10/9/1990 18:00,0,0,0
10/9/1990 19:00,0,0,0
10/9/1990 20:00,0,0,0
10/9/1990 21:00,0,0,0
10/9/1990 22:00,0,0,0
10/9/1990 23:00,0,0,0
11/9/1990 0:00,0,0,0
11/9/1990 1:00,0,0,0
11/9/1990 2:00,0,0,0
11/9/1990 3:00,0,0,0
11/9/1990 4:00,0,0,0
11/9/1990 5:00,0,0,0
11/9/1990 6:00,12.682,0,0
11/9/1990 7:00,171.07,35.725,35.824
11/9/1990 8:00,346.34,67.096,67.224
11/9/1990 9:00,482.15,89.021,89.158
11/9/1990 10:00,543.71,119.04,119.19
11/9/1990 11:00,630.98,126.34,126.49
11/9/1990 12:00,637.14,123.76,123.8
11/9/1990 13:00,568.56,109.88,109.93
11/9/1990 14:00,472.25,94.116,94.256
11/9/1990 15:00,358.18,70.591,70.701
11/9/1990 16:00,214.2,46.191,46.142
11/9/1990 17:00,81.113,16.609,16.611
11/9/1990 18:00,0,0,0
11/9/1990 19:00,0,0,0
11/9/1990 20:00,0,0,0
11/9/1990 21:00,0,0,0
11/9/1990 22:00,0,0,0
11/9/1990 23:00,0,0,0
12/9/1990 0:00,0,0,0
12/9/1990 1:00,0,0,0
12/9/1990 2:00,0,0,0
12/9/1990 3:00,0,0,0
12/9/1990 4:00,0,0,0
12/9/1990 5:00,0,0,0
12/9/1990 6:00,17.644,0,0
12/9/1990 7:00,301.65,66.103,66.2
12/9/1990 8:00,611.99,127.66,127.7
12/9/1990 9:00,872.08,153.49,153.65
12/9/1990 10:00,1039.2,245.14,245.17
12/9/1990 11:00,504.44,229.44,229.47
12/9/1990 12:00,482.05,238.91,239
12/9/1990 13:00,468.46,239.18,239.22
12/9/1990 14:00,389.83,160.38,160.5
12/9/1990 15:00,252.94,136.64,136.76
12/9/1990 16:00,156.4,95.173,95.245
12/9/1990 17:00,48.286,32.945,32.867
12/9/1990 18:00,0,0,0
12/9/1990 19:00,0,0,0
12/9/1990 20:00,0,0,0
12/9/1990 21:00,0,0,0
12/9/1990 22:00,0,0,0
12/9/1990 23:00,0,0,0
13/09/90 00:00,0,0,0
13/09/90 01:00,0,0,0
13/09/90 02:00,0,0,0
13/09/90 03:00,0,0,0
13/09/90 04:00,0,0,0
13/09/90 05:00,0,0,0
13/09/90 06:00,16.142,13.04,13.096
13/09/90 07:00,221.95,148.85,148.24
13/09/90 08:00,430.91,136.93,137.06
13/09/90 09:00,614.53,251.09,251.02
13/09/90 10:00,771.83,334.91,334.78
13/09/90 11:00,859.27,363.22,363
13/09/90 12:00,850.18,527.6,526.54
13/09/90 13:00,826.95,523.4,522.86
13/09/90 14:00,761.67,454.16,454.26
13/09/90 15:00,588.41,337.2,337.74
13/09/90 16:00,403.91,191.07,191.59
13/09/90 17:00,165.09,92.345,93.586
13/09/90 18:00,0,0,0
13/09/90 19:00,0,0,0
13/09/90 20:00,0,0,0
13/09/90 21:00,0,0,0
13/09/90 22:00,0,0,0
13/09/90 23:00,0,0,0
14/09/90 00:00,0,0,0
14/09/90 01:00,0,0,0
14/09/90 02:00,0,0,0
14/09/90 03:00,0,0,0
14/09/90 04:00,0,0,0
14/09/90 05:00,0,0,0
14/09/90 06:00,15.545,29.264,29.294
14/09/90 07:00,239.05,344.07,338.49
14/09/90 08:00,423.58,529.43,522.26
14/09/90 09:00,864.31,747.87,739.85
14/09/90 10:00,1003.1,720.64,715.76
14/09/90 11:00,782.88,493.06,490.96
14/09/90 12:00,824.59,91.258,91.272
14/09/90 13:00,526.37,136.28,136.47
14/09/90 14:00,188.39,73.8,73.898
14/09/90 15:00,58.233,56.354,56.33
14/09/90 16:00,36.801,34.74,34.774
14/09/90 17:00,14.469,12.628,12.632
14/09/90 18:00,0,0,0
14/09/90 19:00,0,0,0
14/09/90 20:00,0,0,0
14/09/90 21:00,0,0,0
14/09/90 22:00,0,0,0
14/09/90 23:00,0,0,0
15/09/90 00:00,0,0,0
15/09/90 01:00,0,0,0
15/09/90 02:00,0,0,0
15/09/90 03:00,0,0,0
15/09/90 04:00,0,0,0
15/09/90 05:00,0,0,0
15/09/90 06:00,0,0,0
15/09/90 07:00,34.995,58.729,58.846
15/09/90 08:00,63.385,164.64,164.63
15/09/90 09:00,97.554,217.29,217.26
15/09/90 10:00,120.54,253.71,253.73
15/09/90 11:00,121.68,309.22,309.2
15/09/90 12:00,131.34,284.5,284.46
15/09/90 13:00,128.21,261.81,261.85
15/09/90 14:00,110.29,257.09,257.32
15/09/90 15:00,89.007,202.81,203.06
15/09/90 16:00,52.163,121.09,121.24
15/09/90 17:00,19.633,55.841,55.915
15/09/90 18:00,0,0,0
15/09/90 19:00,0,0,0
15/09/90 20:00,0,0,0
15/09/90 21:00,0,0,0
15/09/90 22:00,0,0,0
15/09/90 23:00,0,0,0
16/09/90 00:00,0,0,0
16/09/90 01:00,0,0,0
16/09/90 02:00,0,0,0
16/09/90 03:00,0,0,0
16/09/90 04:00,0,0,0
16/09/90 05:00,0,0,0
16/09/90 06:00,13.278,22.895,22.95
16/09/90 07:00,184.72,289.15,284.24
16/09/90 08:00,391.12,537.14,529.16
16/09/90 09:00,516.13,760.06,751.62
16/09/90 10:00,706.75,922.61,914.46
16/09/90 11:00,844.31,1013.1,1005.7
16/09/90 12:00,825.92,1024.2,1018.5
16/09/90 13:00,719.61,957.49,954.1
16/09/90 14:00,696.97,825.36,824.47
16/09/90 15:00,501.46,627.76,629.33
16/09/90 16:00,319.29,385.79,389.46
16/09/90 17:00,143.98,136.78,141
16/09/90 18:00,0,0,0
16/09/90 19:00,0,0,0
16/09/90 20:00,0,0,0
16/09/90 21:00,0,0,0
16/09/90 22:00,0,0,0
16/09/90 23:00,0,0,0
17/09/90 00:00,0,0,0
17/09/90 01:00,0,0,0
17/09/90 02:00,0,0,0
17/09/90 03:00,0,0,0
17/09/90 04:00,0,0,0
17/09/90 05:00,0,0,0
17/09/90 06:00,16.636,22.895,22.951
17/09/90 07:00,219.99,296.84,291.53
17/09/90 08:00,424.72,548.86,540.69
17/09/90 09:00,597.53,773.01,764
17/09/90 10:00,745.42,928.02,919.57
17/09/90 11:00,813.72,1016.6,1008.9
17/09/90 12:00,827.21,1033.3,1027.8
17/09/90 13:00,779.04,969.59,966.12
17/09/90 14:00,670.53,832.15,831.06
17/09/90 15:00,513.39,633,634.44
17/09/90 16:00,312.65,386.78,390.26
17/09/90 17:00,116.26,136.57,140.65
17/09/90 18:00,0,0,0
17/09/90 19:00,0,0,0
17/09/90 20:00,0,0,0
17/09/90 21:00,0,0,0
17/09/90 22:00,0,0,0
17/09/90 23:00,0,0,0
18/09/90 00:00,0,0,0
18/09/90 01:00,0,0,0
18/09/90 02:00,0,0,0
18/09/90 03:00,0,0,0
18/09/90 04:00,0,0,0
18/09/90 05:00,0,0,0
18/09/90 06:00,17.728,24.985,25.035
18/09/90 07:00,219.19,311.73,305.94
18/09/90 08:00,448.11,573.59,564.89
18/09/90 09:00,647.22,833.82,823.88
18/09/90 10:00,792.58,1013.3,1003.8
18/09/90 11:00,867.73,533.34,531.45
18/09/90 12:00,862.15,482.1,481.64
18/09/90 13:00,829.7,462.24,461.53
18/09/90 14:00,678.92,394.79,394.71
18/09/90 15:00,531.05,253.28,253.52
18/09/90 16:00,336.7,159.76,160.08
18/09/90 17:00,123.45,50.574,50.699
18/09/90 18:00,0,0,0
18/09/90 19:00,0,0,0
18/09/90 20:00,0,0,0
18/09/90 21:00,0,0,0
18/09/90 22:00,0,0,0
18/09/90 23:00,0,0,0
19/09/90 00:00,0,0,0
19/09/90 01:00,0,0,0
19/09/90 02:00,0,0,0
19/09/90 03:00,0,0,0
19/09/90 04:00,0,0,0
19/09/90 05:00,0,0,0
19/09/90 06:00,5.8984,24.376,24.445
19/09/90 07:00,98.458,272.58,267.61
19/09/90 08:00,178.93,503.4,495.74
19/09/90 09:00,274.46,696.54,688.45
19/09/90 10:00,285.03,845.81,837.84
19/09/90 11:00,342.53,912.41,905.19
19/09/90 12:00,401.48,902.38,896.82
19/09/90 13:00,167.28,855.68,852
19/09/90 14:00,280.96,749.16,747.71
19/09/90 15:00,203.63,574.47,575.24
19/09/90 16:00,117.77,347.12,349.61
19/09/90 17:00,35.791,119.91,123.04
19/09/90 18:00,0,0,0
19/09/90 19:00,0,0,0
19/09/90 20:00,0,0,0
19/09/90 21:00,0,0,0
19/09/90 22:00,0,0,0
19/09/90 23:00,0,0,0
20/09/90 00:00,0,0,0
20/09/90 01:00,0,0,0
20/09/90 02:00,0,0,0
20/09/90 03:00,0,0,0
20/09/90 04:00,0,0,0
20/09/90 05:00,0,0,0
20/09/90 06:00,0,24.178,24.249
20/09/90 07:00,161.8,342.28,335.65
20/09/90 08:00,218.28,640.43,630.31
20/09/90 09:00,57.044,898.9,888.24
20/09/90 10:00,143.2,1018.3,1008
20/09/90 11:00,367.04,573.87,570.95
20/09/90 12:00,426.04,559.68,558.09
20/09/90 13:00,688.12,498.29,497.39
20/09/90 14:00,669.73,429.86,429.57
20/09/90 15:00,465.99,307.13,307.34
20/09/90 16:00,185.54,185.1,185.44
20/09/90 17:00,11.197,74.46,75.209
20/09/90 18:00,0,0,0
20/09/90 19:00,0,0,0
20/09/90 20:00,0,0,0
20/09/90 21:00,0,0,0
20/09/90 22:00,0,0,0
20/09/90 23:00,0,0,0
21/09/90 00:00,0,0,0
21/09/90 01:00,0,0,0
21/09/90 02:00,0,0,0
21/09/90 03:00,0,0,0
21/09/90 04:00,0,0,0
21/09/90 05:00,0,0,0
21/09/90 06:00,0,12.942,13.008
21/09/90 07:00,53.737,116.31,116.3
21/09/90 08:00,181.83,239.52,239.15
21/09/90 09:00,303.23,281.3,280.98
21/09/90 10:00,273.39,295,294.86
21/09/90 11:00,384.97,414.61,413.35
21/09/90 12:00,394.5,350.34,350.15
21/09/90 13:00,341.66,263.79,263.91
21/09/90 14:00,417.7,151.2,151.42
21/09/90 15:00,479.41,118.3,118.49
21/09/90 16:00,267.61,31.449,31.385
21/09/90 17:00,129.85,10.951,10.941
21/09/90 18:00,0,0,0
21/09/90 19:00,0,0,0
21/09/90 20:00,0,0,0
21/09/90 21:00,0,0,0
21/09/90 22:00,0,0,0
21/09/90 23:00,0,0,0
22/09/90 00:00,0,0,0
22/09/90 01:00,0,0,0
22/09/90 02:00,0,0,0
22/09/90 03:00,0,0,0
22/09/90 04:00,0,0,0
22/09/90 05:00,0,0,0
22/09/90 06:00,8.3195,22.697,22.759
22/09/90 07:00,144.51,294.35,288.39
22/09/90 08:00,262.1,555.4,546.04
22/09/90 09:00,323.16,767.62,757.53
22/09/90 10:00,457.86,1075.9,1065.3
22/09/90 11:00,416.78,567.68,564.75
22/09/90 12:00,345.82,585.59,583.2
22/09/90 13:00,334.73,325.21,324.79
22/09/90 14:00,80.689,366.81,366.61
22/09/90 15:00,52.585,412.58,412.74
22/09/90 16:00,32.333,214.94,215.54
22/09/90 17:00,11.606,35.628,35.577
22/09/90 18:00,0,0,0
22/09/90 19:00,0,0,0
22/09/90 20:00,0,0,0
22/09/90 21:00,0,0,0
22/09/90 22:00,0,0,0
22/09/90 23:00,0,0,0
23/09/90 00:00,0,0,0
23/09/90 01:00,0,0,0
23/09/90 02:00,0,0,0
23/09/90 03:00,0,0,0
23/09/90 04:00,0,0,0
23/09/90 05:00,0,0,0
23/09/90 06:00,16.636,19.703,19.773
23/09/90 07:00,286.3,200.25,197.66
23/09/90 08:00,552,403.29,398.65
23/09/90 09:00,779.44,601.83,595.87
23/09/90 10:00,949.41,723.42,717.23
23/09/90 11:00,1042.9,768.81,763.26
23/09/90 12:00,1059.7,871.09,865.43
23/09/90 13:00,995.48,731.26,728.19
23/09/90 14:00,856.77,659.43,657.68
23/09/90 15:00,650.52,489.09,489.19
23/09/90 16:00,399.42,253.54,254.31
23/09/90 17:00,140.71,70.718,71.227
23/09/90 18:00,0,0,0
23/09/90 19:00,0,0,0
23/09/90 20:00,0,0,0
23/09/90 21:00,0,0,0
23/09/90 22:00,0,0,0
23/09/90 23:00,0,0,0
24/09/90 00:00,0,0,0
24/09/90 01:00,0,0,0
24/09/90 02:00,0,0,0
24/09/90 03:00,0,0,0
24/09/90 04:00,0,0,0
24/09/90 05:00,0,0,0
24/09/90 06:00,17.437,15.623,15.697
24/09/90 07:00,215.32,215.92,212.64
24/09/90 08:00,427.04,358.78,355.62
24/09/90 09:00,555.37,403.65,401.57
24/09/90 10:00,682.19,277.45,276.84
24/09/90 11:00,775.39,450.39,448.67
24/09/90 12:00,806.73,657.28,653.52
24/09/90 13:00,791.27,830.77,826.66
24/09/90 14:00,733.51,783.4,781.04
24/09/90 15:00,574.31,545.73,545.88
24/09/90 16:00,367.97,418.27,420.62
24/09/90 17:00,139.46,82.001,83.038
24/09/90 18:00,0,0,0
24/09/90 19:00,0,0,0
24/09/90 20:00,0,0,0
24/09/90 21:00,0,0,0
24/09/90 22:00,0,0,0
24/09/90 23:00,0,0,0
25/09/90 00:00,0,0,0
25/09/90 01:00,0,0,0
25/09/90 02:00,0,0,0
25/09/90 03:00,0,0,0
25/09/90 04:00,0,0,0
25/09/90 05:00,0,0,0
25/09/90 06:00,0,10.853,10.92
25/09/90 07:00,55.631,52.755,52.862
25/09/90 08:00,109.36,450.95,445.25
25/09/90 09:00,173.96,662.64,654.58
25/09/90 10:00,213.28,979.71,968.49
25/09/90 11:00,248.56,636.28,632.3
25/09/90 12:00,260.81,635.8,632.69
25/09/90 13:00,251.28,83.067,83.087
25/09/90 14:00,229.04,70.603,70.717
25/09/90 15:00,170.44,52.666,52.642
25/09/90 16:00,101.29,30.955,30.992
25/09/90 17:00,32.023,9.7504,9.7425
25/09/90 18:00,0,0,0
25/09/90 19:00,0,0,0
25/09/90 20:00,0,0,0
25/09/90 21:00,0,0,0
25/09/90 22:00,0,0,0
25/09/90 23:00,0,0,0
26/09/90 00:00,0,0,0
26/09/90 01:00,0,0,0
26/09/90 02:00,0,0,0
26/09/90 03:00,0,0,0
26/09/90 04:00,0,0,0
26/09/90 05:00,0,0,0
26/09/90 06:00,14.555,15.722,15.799
26/09/90 07:00,82.245,155.23,154.11
26/09/90 08:00,157.25,215.39,215.11
26/09/90 09:00,353.35,270.83,270.6
26/09/90 10:00,490.6,233.67,233.71
26/09/90 11:00,763.55,346.82,346.48
26/09/90 12:00,795.34,428.91,427.74
26/09/90 13:00,640.71,598.92,596.76
26/09/90 14:00,329.57,516.43,515.34
26/09/90 15:00,77.487,447.55,447.28
26/09/90 16:00,30.934,413.54,415.54
26/09/90 17:00,77.043,123.35,126.55
26/09/90 18:00,0,0,0
26/09/90 19:00,0,0,0
26/09/90 20:00,0,0,0
26/09/90 21:00,0,0,0
26/09/90 22:00,0,0,0
26/09/90 23:00,0,0,0
27/09/90 00:00,0,0,0
27/09/90 01:00,0,0,0
27/09/90 02:00,0,0,0
27/09/90 03:00,0,0,0
27/09/90 04:00,0,0,0
27/09/90 05:00,0,0,0
27/09/90 06:00,0,12.53,12.621
27/09/90 07:00,30.323,97.069,97.126
27/09/90 08:00,209.52,247.3,246.75
27/09/90 09:00,195.45,189.78,189.74
27/09/90 10:00,349.46,336.7,336.37
27/09/90 11:00,428.1,478.08,476.25
27/09/90 12:00,422.41,435.76,435.32
27/09/90 13:00,766.5,436.33,435.5
27/09/90 14:00,838.67,557.17,555.46
27/09/90 15:00,537.12,398.39,398.18
27/09/90 16:00,337.82,366.8,368.29
27/09/90 17:00,79.128,103.66,105.7
27/09/90 18:00,0,0,0
27/09/90 19:00,0,0,0
27/09/90 20:00,0,0,0
27/09/90 21:00,0,0,0
27/09/90 22:00,0,0,0
27/09/90 23:00,0,0,0
28/09/90 00:00,0,0,0
28/09/90 01:00,0,0,0
28/09/90 02:00,0,0,0
28/09/90 03:00,0,0,0
28/09/90 04:00,0,0,0
28/09/90 05:00,0,0,0
28/09/90 06:00,0,22.796,22.96
28/09/90 07:00,35.982,279.97,273.78
28/09/90 08:00,97.921,584.91,574.25
28/09/90 09:00,124.77,765.8,754.56
28/09/90 10:00,166.65,951.85,940.33
28/09/90 11:00,192.55,593.52,589.82
28/09/90 12:00,202.31,574.64,572.53
28/09/90 13:00,179.79,507.87,506.65
28/09/90 14:00,162.73,494.16,492.99
28/09/90 15:00,133.97,357.73,357.56
28/09/90 16:00,90.673,168.46,168.74
28/09/90 17:00,27.37,52.556,52.703
28/09/90 18:00,0,0,0
28/09/90 19:00,0,0,0
28/09/90 20:00,0,0,0
28/09/90 21:00,0,0,0
28/09/90 22:00,0,0,0
28/09/90 23:00,0,0,0
29/09/90 00:00,0,0,0
29/09/90 01:00,0,0,0
29/09/90 02:00,0,0,0
29/09/90 03:00,0,0,0
29/09/90 04:00,0,0,0
29/09/90 05:00,0,0,0
29/09/90 06:00,0,0,0
29/09/90 07:00,19.91,63.913,63.917
29/09/90 08:00,77.97,112.71,112.86
29/09/90 09:00,64.191,158.97,159
29/09/90 10:00,171.04,149.23,149.38
29/09/90 11:00,289.66,198.41,198.4
29/09/90 12:00,409.46,220.74,220.77
29/09/90 13:00,414.58,208.15,208.23
29/09/90 14:00,301.75,151.1,151.2
29/09/90 15:00,258.61,125.37,125.46
29/09/90 16:00,181.44,78.151,78.183
29/09/90 17:00,68.839,22.597,22.61
29/09/90 18:00,0,0,0
29/09/90 19:00,0,0,0
29/09/90 20:00,0,0,0
29/09/90 21:00,0,0,0
29/09/90 22:00,0,0,0
29/09/90 23:00,0,0,0
30/09/90 00:00,0,0,0
30/09/90 01:00,0,0,0
30/09/90 02:00,0,0,0
30/09/90 03:00,0,0,0
30/09/90 04:00,0,0,0
30/09/90 05:00,0,0,0
30/09/90 06:00,17.232,24.376,24.549
30/09/90 07:00,239.93,328.2,320.1
30/09/90 08:00,455.56,580.06,568.52
30/09/90 09:00,659.91,755.86,744.16
30/09/90 10:00,780.97,934.86,923.26
30/09/90 11:00,872.38,545.68,542.28
30/09/90 12:00,871.56,522.13,520.19
30/09/90 13:00,847.39,485.48,484.29
30/09/90 14:00,723.58,462.99,461.8
30/09/90 15:00,526.49,320.21,320.12
30/09/90 16:00,299.44,196.28,196.52
30/09/90 17:00,98.694,57.64,58.041
30/09/90 18:00,0,0,0
30/09/90 19:00,0,0,0
30/09/90 20:00,0,0,0
30/09/90 21:00,0,0,0
30/09/90 22:00,0,0,0
30/09/90 23:00,0,0,0
1/10/1990 0:00,0,0,0
1/10/1990 1:00,0,0,0
1/10/1990 2:00,0,0,0
1/10/1990 3:00,0,0,0
1/10/1990 4:00,0,0,0
1/10/1990 5:00,0,0,0
1/10/1990 6:00,17.146,22.697,22.864
1/10/1990 7:00,253.76,254.7,249.01
1/10/1990 8:00,501.1,482.37,473.41
1/10/1990 9:00,719.05,671.11,661.82
1/10/1990 10:00,879.07,812.59,803.15
1/10/1990 11:00,964.9,890.25,881.27
1/10/1990 12:00,983.03,910.72,903.54
1/10/1990 13:00,915.45,887.88,882.15
1/10/1990 14:00,772.44,730.17,726.9
1/10/1990 15:00,574.07,546.81,545.86
1/10/1990 16:00,328.86,309.68,310.56
1/10/1990 17:00,103.61,88.549,90.284
1/10/1990 18:00,0,0,0
1/10/1990 19:00,0,0,0
1/10/1990 20:00,0,0,0
1/10/1990 21:00,0,0,0
1/10/1990 22:00,0,0,0
1/10/1990 23:00,0,0,0
2/10/1990 0:00,0,0,0
2/10/1990 1:00,0,0,0
2/10/1990 2:00,0,0,0
2/10/1990 3:00,0,0,0
2/10/1990 4:00,0,0,0
2/10/1990 5:00,0,0,0
2/10/1990 6:00,16.549,24.376,24.452
2/10/1990 7:00,253.12,318.01,309.8
2/10/1990 8:00,497.35,598.17,585.83
2/10/1990 9:00,714.2,840.3,827.2
2/10/1990 10:00,872.26,886.45,875.79
2/10/1990 11:00,962.16,510.88,507.87
2/10/1990 12:00,976.71,472.48,471.12
2/10/1990 13:00,916.99,368.33,368.31
2/10/1990 14:00,779.58,391.17,390.63
2/10/1990 15:00,578.11,499.66,498.69
2/10/1990 16:00,339.34,329.5,330.26
2/10/1990 17:00,108.05,102.4,104.21
2/10/1990 18:00,0,0,0
2/10/1990 19:00,0,0,0
2/10/1990 20:00,0,0,0
2/10/1990 21:00,0,0,0
2/10/1990 22:00,0,0,0
2/10/1990 23:00,0,0,0
3/10/1990 0:00,0,0,0
3/10/1990 1:00,0,0,0
3/10/1990 2:00,0,0,0
3/10/1990 3:00,0,0,0
3/10/1990 4:00,0,0,0
3/10/1990 5:00,0,0,0
3/10/1990 6:00,10.787,15.327,15.414
3/10/1990 7:00,116.07,45.383,45.511
3/10/1990 8:00,253.84,122.89,123.1
3/10/1990 9:00,445.95,230.24,230.26
3/10/1990 10:00,362.21,516.52,513.72
3/10/1990 11:00,344.05,560.05,556.59
3/10/1990 12:00,208.37,386.11,385.14
3/10/1990 13:00,128,226.1,226.32
3/10/1990 14:00,191.34,411.85,411.23
3/10/1990 15:00,201.14,312.22,312.11
3/10/1990 16:00,120.45,66.003,66.099
3/10/1990 17:00,32.023,76.874,77.712
3/10/1990 18:00,0,0,0
3/10/1990 19:00,0,0,0
3/10/1990 20:00,0,0,0
3/10/1990 21:00,0,0,0
3/10/1990 22:00,0,0,0
3/10/1990 23:00,0,0,0
4/10/1990 0:00,0,0,0
4/10/1990 1:00,0,0,0
4/10/1990 2:00,0,0,0
4/10/1990 3:00,0,0,0
4/10/1990 4:00,0,0,0
4/10/1990 5:00,0,0,0
4/10/1990 6:00,0,41.279,40.723
4/10/1990 7:00,125.22,279.34,272.89
4/10/1990 8:00,406.57,266.86,265.35
4/10/1990 9:00,666.69,355.7,354.11
4/10/1990 10:00,517.07,257.5,257.4
4/10/1990 11:00,733.27,610.17,605.18
4/10/1990 12:00,286.07,1083.1,1073.3
4/10/1990 13:00,204.03,796.53,791.22
4/10/1990 14:00,57.648,528.39,526.82
4/10/1990 15:00,42.451,217.79,217.9
4/10/1990 16:00,24.285,25.082,25.117
4/10/1990 17:00,7.3449,0,0
4/10/1990 18:00,0,0,0
4/10/1990 19:00,0,0,0
4/10/1990 20:00,0,0,0
4/10/1990 21:00,0,0,0
4/10/1990 22:00,0,0,0
4/10/1990 23:00,0,0,0
5/10/1990 0:00,0,0,0
5/10/1990 1:00,0,0,0
5/10/1990 2:00,0,0,0
5/10/1990 3:00,0,0,0
5/10/1990 4:00,0,0,0
5/10/1990 5:00,0,0,0
5/10/1990 6:00,12.474,24.474,24.65
5/10/1990 7:00,172.89,272.67,265.78
5/10/1990 8:00,335.34,520.73,510.14
5/10/1990 9:00,458.69,713.35,702.1
5/10/1990 10:00,547.82,840.86,830.33
5/10/1990 11:00,661.37,909.7,900.62
5/10/1990 12:00,633.03,739.13,733.63
5/10/1990 13:00,608.72,604.88,601.76
5/10/1990 14:00,547.43,484.45,482.67
5/10/1990 15:00,399.97,319,318.41
5/10/1990 16:00,271.46,192.08,192.01
5/10/1990 17:00,92.645,13.237,13.141
5/10/1990 18:00,0,0,0
5/10/1990 19:00,0,0,0
5/10/1990 20:00,0,0,0
5/10/1990 21:00,0,0,0
5/10/1990 22:00,0,0,0
5/10/1990 23:00,0,0,0
6/10/1990 0:00,0,0,0
6/10/1990 1:00,0,0,0
6/10/1990 2:00,0,0,0
6/10/1990 3:00,0,0,0
6/10/1990 4:00,0,0,0
6/10/1990 5:00,0,0,0
6/10/1990 6:00,0,17.712,17.802
6/10/1990 7:00,71.026,189.75,186.83
6/10/1990 8:00,105.67,416.97,410.96
6/10/1990 9:00,193.96,621.75,613.24
6/10/1990 10:00,189.32,828.76,818.89
6/10/1990 11:00,389.29,758.68,751.79
6/10/1990 12:00,586.44,802.22,795.26
6/10/1990 13:00,499.17,729.11,724.63
6/10/1990 14:00,463.13,615.36,612.65
6/10/1990 15:00,307.8,382.69,381.87
6/10/1990 16:00,216.37,235.97,236.07
6/10/1990 17:00,35.891,30.348,30.411
6/10/1990 18:00,0,0,0
6/10/1990 19:00,0,0,0
6/10/1990 20:00,0,0,0
6/10/1990 21:00,0,0,0
6/10/1990 22:00,0,0,0
6/10/1990 23:00,0,0,0
7/10/1990 0:00,0,0,0
7/10/1990 1:00,0,0,0
7/10/1990 2:00,0,0,0
7/10/1990 3:00,0,0,0
7/10/1990 4:00,0,0,0
7/10/1990 5:00,0,0,0
7/10/1990 6:00,15.252,13.435,13.527
7/10/1990 7:00,176.4,152.23,151.11
7/10/1990 8:00,299.76,310.61,308.42
7/10/1990 9:00,380.56,413.73,411.26
7/10/1990 10:00,517.78,374.6,374.08
7/10/1990 11:00,492.01,439.27,437.63
7/10/1990 12:00,498.02,370.55,370.32
7/10/1990 13:00,573.12,370.61,370.53
7/10/1990 14:00,486.04,349.55,349.57
7/10/1990 15:00,319.04,210.59,210.69
7/10/1990 16:00,118.97,78.546,78.677
7/10/1990 17:00,8.6231,7.3659,7.3656
7/10/1990 18:00,0,0,0
7/10/1990 19:00,0,0,0
7/10/1990 20:00,0,0,0
7/10/1990 21:00,0,0,0
7/10/1990 22:00,0,0,0
7/10/1990 23:00,0,0,0
8/10/1990 0:00,0,0,0
8/10/1990 1:00,0,0,0
8/10/1990 2:00,0,0,0
8/10/1990 3:00,0,0,0
8/10/1990 4:00,0,0,0
8/10/1990 5:00,0,0,0
8/10/1990 6:00,1.507,9.9483,10.031
8/10/1990 7:00,123.37,119.21,119.14
8/10/1990 8:00,225.95,237.33,236.87
8/10/1990 9:00,335.64,557.2,551.59
8/10/1990 10:00,440.1,562.09,557.65
8/10/1990 11:00,581.66,478.62,476.52
8/10/1990 12:00,619.54,532.58,530.45
8/10/1990 13:00,477.72,584.38,581.63
8/10/1990 14:00,480.48,725.91,721.44
8/10/1990 15:00,419.28,493.64,491.89
8/10/1990 16:00,290.1,354.06,354.07
8/10/1990 17:00,107.28,50.478,50.69
8/10/1990 18:00,0,0,0
8/10/1990 19:00,0,0,0
8/10/1990 20:00,0,0,0
8/10/1990 21:00,0,0,0
8/10/1990 22:00,0,0,0
8/10/1990 23:00,0,0,0
9/10/1990 0:00,0,0,0
9/10/1990 1:00,0,0,0
9/10/1990 2:00,0,0,0
9/10/1990 3:00,0,0,0
9/10/1990 4:00,0,0,0
9/10/1990 5:00,0,0,0
9/10/1990 6:00,10.786,0,0
9/10/1990 7:00,161.38,69.18,69.29
9/10/1990 8:00,279.86,139.32,139.39
9/10/1990 9:00,395.85,244.29,244.15
9/10/1990 10:00,457.79,199.36,199.51
9/10/1990 11:00,495.81,413.27,411.68
9/10/1990 12:00,434.59,330.94,330.78
9/10/1990 13:00,349.59,360.74,360.61
9/10/1990 14:00,281.45,475.93,474.3
9/10/1990 15:00,192.2,350.52,349.81
9/10/1990 16:00,93.453,170.52,170.67
9/10/1990 17:00,8.2311,29.657,29.703
9/10/1990 18:00,0,0,0
9/10/1990 19:00,0,0,0
9/10/1990 20:00,0,0,0
9/10/1990 21:00,0,0,0
9/10/1990 22:00,0,0,0
9/10/1990 23:00,0,0,0
10/10/1990 0:00,0,0,0
10/10/1990 1:00,0,0,0
10/10/1990 2:00,0,0,0
10/10/1990 3:00,0,0,0
10/10/1990 4:00,0,0,0
10/10/1990 5:00,0,0,0
10/10/1990 6:00,13.274,24.277,24.362
10/10/1990 7:00,154.29,310.51,301.18
10/10/1990 8:00,329.57,564.5,551.11
10/10/1990 9:00,468.24,765.3,751.62
10/10/1990 10:00,601.27,910.98,898
10/10/1990 11:00,656.1,519.06,516.43
10/10/1990 12:00,821.2,490.32,488.46
10/10/1990 13:00,790.11,452.7,451.52
10/10/1990 14:00,576.11,425.23,424.35
10/10/1990 15:00,488.46,303.52,303.31
10/10/1990 16:00,298.42,171.11,171.14
10/10/1990 17:00,86.967,22.894,22.921
10/10/1990 18:00,0,0,0
10/10/1990 19:00,0,0,0
10/10/1990 20:00,0,0,0
10/10/1990 21:00,0,0,0
10/10/1990 22:00,0,0,0
10/10/1990 23:00,0,0,0
11/10/1990 0:00,0,0,0
11/10/1990 1:00,0,0,0
11/10/1990 2:00,0,0,0
11/10/1990 3:00,0,0,0
11/10/1990 4:00,0,0,0
11/10/1990 5:00,0,0,0
11/10/1990 6:00,15.542,0,0
11/10/1990 7:00,207.65,87.107,87.157
11/10/1990 8:00,377.37,41.112,41.212
11/10/1990 9:00,664.03,133.85,134
11/10/1990 10:00,770.01,455.75,453.32
11/10/1990 11:00,756.17,589.28,585
11/10/1990 12:00,765.4,614.76,610.85
11/10/1990 13:00,746.05,686.57,681.94
11/10/1990 14:00,591.24,403.95,403.12
11/10/1990 15:00,469.95,320.8,320.44
11/10/1990 16:00,251.91,299.1,298.69
11/10/1990 17:00,66.031,35.633,35.717
11/10/1990 18:00,0,0,0
11/10/1990 19:00,0,0,0
11/10/1990 20:00,0,0,0
11/10/1990 21:00,0,0,0
11/10/1990 22:00,0,0,0
11/10/1990 23:00,0,0,0
12/10/1990 0:00,0,0,0
12/10/1990 1:00,0,0,0
12/10/1990 2:00,0,0,0
12/10/1990 3:00,0,0,0
12/10/1990 4:00,0,0,0
12/10/1990 5:00,0,0,0
12/10/1990 6:00,17.333,22.483,22.58
12/10/1990 7:00,238.67,240.19,234.51
12/10/1990 8:00,453.83,365.35,360.81
12/10/1990 9:00,665.35,592.01,584.04
12/10/1990 10:00,790.51,697.82,689.87
12/10/1990 11:00,815.84,731.29,724.03
12/10/1990 12:00,810.07,695.65,689.71
12/10/1990 13:00,740.26,847.96,840.98
12/10/1990 14:00,585.77,588.96,585.87
12/10/1990 15:00,472.93,447.58,445.97
12/10/1990 16:00,242.2,115.32,115.08
12/10/1990 17:00,59.921,0,0
12/10/1990 18:00,0,0,0
12/10/1990 19:00,0,0,0
12/10/1990 20:00,0,0,0
12/10/1990 21:00,0,0,0
12/10/1990 22:00,0,0,0
12/10/1990 23:00,0,0,0
13/10/90 00:00,0,0,0
13/10/90 01:00,0,0,0
13/10/90 02:00,0,0,0
13/10/90 03:00,0,0,0
13/10/90 04:00,0,0,0
13/10/90 05:00,0,0,0
13/10/90 06:00,20.918,21.792,21.877
13/10/90 07:00,225.65,251.29,244.38
13/10/90 08:00,446.03,482.72,471.59
13/10/90 09:00,675.26,696.91,684.34
13/10/90 10:00,814.4,828.78,816.56
13/10/90 11:00,774.59,902.13,890.87
13/10/90 12:00,644.69,933.51,923.18
13/10/90 13:00,612.01,853,845.1
13/10/90 14:00,483.36,724.07,718.54
13/10/90 15:00,443.47,508.62,505.73
13/10/90 16:00,215.36,271.23,270.68
13/10/90 17:00,30.045,28.868,28.813
13/10/90 18:00,0,0,0
13/10/90 19:00,0,0,0
13/10/90 20:00,0,0,0
13/10/90 21:00,0,0,0
13/10/90 22:00,0,0,0
13/10/90 23:00,0,0,0
14/10/90 00:00,0,0,0
14/10/90 01:00,0,0,0
14/10/90 02:00,0,0,0
14/10/90 03:00,0,0,0
14/10/90 04:00,0,0,0
14/10/90 05:00,0,0,0
14/10/90 06:00,12.575,21.694,21.779
14/10/90 07:00,200.24,251.28,244.24
14/10/90 08:00,372.44,474.55,463.67
14/10/90 09:00,636.79,667.25,655.26
14/10/90 10:00,751.27,824.94,812.78
14/10/90 11:00,747.2,911.49,899.81
14/10/90 12:00,734.61,919.42,909.11
14/10/90 13:00,734.69,829.89,822.05
14/10/90 14:00,713.36,683.47,678.15
14/10/90 15:00,532.65,502.52,499.38
14/10/90 16:00,294.76,275.12,274.34
14/10/90 17:00,35.499,26.679,26.719
14/10/90 18:00,0,0,0
14/10/90 19:00,0,0,0
14/10/90 20:00,0,0,0
14/10/90 21:00,0,0,0
14/10/90 22:00,0,0,0
14/10/90 23:00,0,0,0
15/10/90 00:00,0,0,0
15/10/90 01:00,0,0,0
15/10/90 02:00,0,0,0
15/10/90 03:00,0,0,0
15/10/90 04:00,0,0,0
15/10/90 05:00,0,0,0
15/10/90 06:00,12.779,22.089,22.188
15/10/90 07:00,178.87,256.88,249.44
15/10/90 08:00,305.29,479.62,468.86
15/10/90 09:00,483.67,661.49,649.87
15/10/90 10:00,718.12,818.63,806.46
15/10/90 11:00,803.58,899.56,887.91
15/10/90 12:00,879.21,916.42,906.05
15/10/90 13:00,856.54,834.18,826.23
15/10/90 14:00,672.12,666.18,660.75
15/10/90 15:00,513.86,475.78,472.8
15/10/90 16:00,301.45,251.4,250.76
15/10/90 17:00,34.698,21.397,21.426
15/10/90 18:00,0,0,0
15/10/90 19:00,0,0,0
15/10/90 20:00,0,0,0
15/10/90 21:00,0,0,0
15/10/90 22:00,0,0,0
15/10/90 23:00,0,0,0
16/10/90 00:00,0,0,0
16/10/90 01:00,0,0,0
16/10/90 02:00,0,0,0
16/10/90 03:00,0,0,0
16/10/90 04:00,0,0,0
16/10/90 05:00,0,0,0
16/10/90 06:00,13.955,0,0
16/10/90 07:00,235.07,123.49,123.12
16/10/90 08:00,475.4,190.55,190.35
16/10/90 09:00,602.86,294.27,293.67
16/10/90 10:00,657.41,350.25,349.7
16/10/90 11:00,678.28,288.14,288.03
16/10/90 12:00,650.57,354.38,354.05
16/10/90 13:00,658.72,298.98,298.93
16/10/90 14:00,613.37,212.79,212.92
16/10/90 15:00,506.55,233.94,233.91
16/10/90 16:00,284.13,87.206,87.238
16/10/90 17:00,45.789,14.833,14.852
16/10/90 18:00,0,0,0
16/10/90 19:00,0,0,0
16/10/90 20:00,0,0,0
16/10/90 21:00,0,0,0
16/10/90 22:00,0,0,0
16/10/90 23:00,0,0,0
17/10/90 00:00,0,0,0
17/10/90 01:00,0,0,0
17/10/90 02:00,0,0,0
17/10/90 03:00,0,0,0
17/10/90 04:00,0,0,0
17/10/90 05:00,0,0,0
17/10/90 06:00,20.815,0,0
17/10/90 07:00,253.27,31.349,31.46
17/10/90 08:00,510.9,62.816,62.961
17/10/90 09:00,665.46,86.828,86.871
17/10/90 10:00,493.85,98.501,98.632
17/10/90 11:00,300.9,101.81,101.93
17/10/90 12:00,221.66,104.29,104.42
17/10/90 13:00,263.58,105.07,105.23
17/10/90 14:00,147.42,80.358,80.49
17/10/90 15:00,44.63,52.761,52.85
17/10/90 16:00,24.283,26.167,26.231
17/10/90 17:00,0,0,0
17/10/90 18:00,0,0,0
17/10/90 19:00,0,0,0
17/10/90 20:00,0,0,0
17/10/90 21:00,0,0,0
17/10/90 22:00,0,0,0
17/10/90 23:00,0,0,0
18/10/90 00:00,0,0,0
18/10/90 01:00,0,0,0
18/10/90 02:00,0,0,0
18/10/90 03:00,0,0,0
18/10/90 04:00,0,0,0
18/10/90 05:00,0,0,0
18/10/90 06:00,0,0,0
18/10/90 07:00,18.238,80.143,80.209
18/10/90 08:00,178.95,109.43,109.55
18/10/90 09:00,297.99,259.75,259.31
18/10/90 10:00,371.19,264.77,264.65
18/10/90 11:00,308.86,209.46,209.48
18/10/90 12:00,311.04,204.57,204.63
18/10/90 13:00,296.13,349.36,349.03
18/10/90 14:00,346.85,346.84,346.53
18/10/90 15:00,292.17,262.66,262.12
18/10/90 16:00,262.74,86.614,86.642
18/10/90 17:00,34.613,0,0
18/10/90 18:00,0,0,0
18/10/90 19:00,0,0,0
18/10/90 20:00,0,0,0
18/10/90 21:00,0,0,0
18/10/90 22:00,0,0,0
18/10/90 23:00,0,0,0
19/10/90 00:00,0,0,0
19/10/90 01:00,0,0,0
19/10/90 02:00,0,0,0
19/10/90 03:00,0,0,0
19/10/90 04:00,0,0,0
19/10/90 05:00,0,0,0
19/10/90 06:00,0,7.465,7.5474
19/10/90 07:00,52.849,72.472,72.566
19/10/90 08:00,349.24,151.87,151.89
19/10/90 09:00,410.68,165.63,165.71
19/10/90 10:00,337.32,190.09,190.16
19/10/90 11:00,246.73,227.4,227.38
19/10/90 12:00,363.57,206.76,206.81
19/10/90 13:00,552.19,243.82,243.9
19/10/90 14:00,427.83,239.32,239.39
19/10/90 15:00,392.22,175.59,175.64
19/10/90 16:00,144.01,81.642,81.749
19/10/90 17:00,25.784,7.2673,7.2791
19/10/90 18:00,0,0,0
19/10/90 19:00,0,0,0
19/10/90 20:00,0,0,0
19/10/90 21:00,0,0,0
19/10/90 22:00,0,0,0
19/10/90 23:00,0,0,0
20/10/90 00:00,0,0,0
20/10/90 01:00,0,0,0
20/10/90 02:00,0,0,0
20/10/90 03:00,0,0,0
20/10/90 04:00,0,0,0
20/10/90 05:00,0,0,0
20/10/90 06:00,14.964,0,0
20/10/90 07:00,228.91,31.744,31.875
20/10/90 08:00,465.42,57.336,57.479
20/10/90 09:00,559.4,83.551,83.677
20/10/90 10:00,656.94,110.65,110.8
20/10/90 11:00,703.12,121.53,121.66
20/10/90 12:00,581.82,120.04,120.07
20/10/90 13:00,578.61,93.428,93.561
20/10/90 14:00,449.68,84.242,84.379
20/10/90 15:00,332.84,57.138,57.251
20/10/90 16:00,223.92,30.559,30.517
20/10/90 17:00,34.408,0,0
20/10/90 18:00,0,0,0
20/10/90 19:00,0,0,0
20/10/90 20:00,0,0,0
20/10/90 21:00,0,0,0
20/10/90 22:00,0,0,0
20/10/90 23:00,0,0,0
21/10/90 00:00,0,0,0
21/10/90 01:00,0,0,0
21/10/90 02:00,0,0,0
21/10/90 03:00,0,0,0
21/10/90 04:00,0,0,0
21/10/90 05:00,0,0,0
21/10/90 06:00,0,17.515,17.623
21/10/90 07:00,55.425,179.86,176.36
21/10/90 08:00,131.01,421.84,413.86
21/10/90 09:00,196.54,502.15,495.88
21/10/90 10:00,251.27,693.37,684.15
21/10/90 11:00,333.83,767.99,757.84
21/10/90 12:00,357.27,828.77,818.8
21/10/90 13:00,323.3,758.43,750.51
21/10/90 14:00,268.71,639.84,634.19
21/10/90 15:00,171.82,454.9,451.5
21/10/90 16:00,69.024,272.19,270.48
21/10/90 17:00,8.1281,25.676,25.715
21/10/90 18:00,0,0,0
21/10/90 19:00,0,0,0
21/10/90 20:00,0,0,0
21/10/90 21:00,0,0,0
21/10/90 22:00,0,0,0
21/10/90 23:00,0,0,0
22/10/90 00:00,0,0,0
22/10/90 01:00,0,0,0
22/10/90 02:00,0,0,0
22/10/90 03:00,0,0,0
22/10/90 04:00,0,0,0
22/10/90 05:00,0,0,0
22/10/90 06:00,0,20.592,20.701
22/10/90 07:00,31.717,259.55,250.7
22/10/90 08:00,61.299,501.06,487.2
22/10/90 09:00,92.477,702.05,686.93
22/10/90 10:00,108.11,842.54,827.6
22/10/90 11:00,129.19,914.62,900.7
22/10/90 12:00,118.46,914.44,902.24
22/10/90 13:00,113.08,843.25,833.27
22/10/90 14:00,94.666,712.44,705.22
22/10/90 15:00,70.228,500.09,495.48
22/10/90 16:00,35.498,258,256.39
22/10/90 17:00,0,19.703,19.637
22/10/90 18:00,0,0,0
22/10/90 19:00,0,0,0
22/10/90 20:00,0,0,0
22/10/90 21:00,0,0,0
22/10/90 22:00,0,0,0
22/10/90 23:00,0,0,0
23/10/90 00:00,0,0,0
23/10/90 01:00,0,0,0
23/10/90 02:00,0,0,0
23/10/90 03:00,0,0,0
23/10/90 04:00,0,0,0
23/10/90 05:00,0,0,0
23/10/90 06:00,15.746,19.506,19.606
23/10/90 07:00,231.97,240.66,233.43
23/10/90 08:00,359.26,475.88,462.97
23/10/90 09:00,632.59,681.89,667.66
23/10/90 10:00,810.77,842.12,827.05
23/10/90 11:00,767.86,920.79,906.63
23/10/90 12:00,812.8,913.64,901.22
23/10/90 13:00,745.7,820.41,810.86
23/10/90 14:00,455.16,660.66,653.74
23/10/90 15:00,215.09,460.57,456.66
23/10/90 16:00,175.85,245.21,243.57
23/10/90 17:00,14.774,18.814,18.848
23/10/90 18:00,0,0,0
23/10/90 19:00,0,0,0
23/10/90 20:00,0,0,0
23/10/90 21:00,0,0,0
23/10/90 22:00,0,0,0
23/10/90 23:00,0,0,0
24/10/90 00:00,0,0,0
24/10/90 01:00,0,0,0
24/10/90 02:00,0,0,0
24/10/90 03:00,0,0,0
24/10/90 04:00,0,0,0
24/10/90 05:00,0,0,0
24/10/90 06:00,8.5021,21.003,21.097
24/10/90 07:00,141.92,244.18,236.07
24/10/90 08:00,297.95,471.7,458.82
24/10/90 09:00,359.91,652.13,638.89
24/10/90 10:00,474.68,771.49,758.74
24/10/90 11:00,588.54,865.69,853.27
24/10/90 12:00,586.71,855.3,844.15
24/10/90 13:00,402.58,780.84,771.7
24/10/90 14:00,303.14,653.48,646.68
24/10/90 15:00,218.75,458.29,453.87
24/10/90 16:00,100.2,238.22,236.53
24/10/90 17:00,0,18.913,18.947
24/10/90 18:00,0,0,0
24/10/90 19:00,0,0,0
24/10/90 20:00,0,0,0
24/10/90 21:00,0,0,0
24/10/90 22:00,0,0,0
24/10/90 23:00,0,0,0
25/10/90 00:00,0,0,0
25/10/90 01:00,0,0,0
25/10/90 02:00,0,0,0
25/10/90 03:00,0,0,0
25/10/90 04:00,0,0,0
25/10/90 05:00,0,0,0
25/10/90 06:00,13.17,9.5536,9.6571
25/10/90 07:00,76.684,84.819,84.844
25/10/90 08:00,86.107,185.97,185.82
25/10/90 09:00,269.21,241.6,241.33
25/10/90 10:00,256.64,370.49,369.56
25/10/90 11:00,306.55,404.05,403.16
25/10/90 12:00,468.94,352.56,352.06
25/10/90 13:00,313.94,270.95,270.89
25/10/90 14:00,351.44,266.54,266.41
25/10/90 15:00,302.75,197.94,197.99
25/10/90 16:00,131.4,105.95,105.95
25/10/90 17:00,13.189,0,0
25/10/90 18:00,0,0,0
25/10/90 19:00,0,0,0
25/10/90 20:00,0,0,0
25/10/90 21:00,0,0,0
25/10/90 22:00,0,0,0
25/10/90 23:00,0,0,0
26/10/90 00:00,0,0,0
26/10/90 01:00,0,0,0
26/10/90 02:00,0,0,0
26/10/90 03:00,0,0,0
26/10/90 04:00,0,0,0
26/10/90 05:00,0,0,0
26/10/90 06:00,8.502,0,0
26/10/90 07:00,148.23,69.18,69.277
26/10/90 08:00,199.91,150.27,150.36
26/10/90 09:00,106.18,231.34,231.11
26/10/90 10:00,74.035,293.58,293.19
26/10/90 11:00,258.58,326.82,326.4
26/10/90 12:00,275.77,313.67,313.38
26/10/90 13:00,404.36,272.94,272.77
26/10/90 14:00,655.65,254.67,254.54
26/10/90 15:00,449.05,138.31,138.47
26/10/90 16:00,291,69.79,69.787
26/10/90 17:00,20.926,0,0
26/10/90 18:00,0,0,0
26/10/90 19:00,0,0,0
26/10/90 20:00,0,0,0
26/10/90 21:00,0,0,0
26/10/90 22:00,0,0,0
26/10/90 23:00,0,0,0
27/10/90 00:00,0,0,0
27/10/90 01:00,0,0,0
27/10/90 02:00,0,0,0
27/10/90 03:00,0,0,0
27/10/90 04:00,0,0,0
27/10/90 05:00,0,0,0
27/10/90 06:00,0,13.731,13.851
27/10/90 07:00,57.61,192.12,187.02
27/10/90 08:00,95.341,435.47,424.84
27/10/90 09:00,154.08,622.5,610.27
27/10/90 10:00,237.64,854,838.41
27/10/90 11:00,371.39,913.91,899.91
27/10/90 12:00,381.22,719.57,711.66
27/10/90 13:00,457.37,747.51,739.07
27/10/90 14:00,140.15,485.86,482.49
27/10/90 15:00,221.75,268.86,267.63
27/10/90 16:00,135.99,93.185,92.894
27/10/90 17:00,8.3322,0,0
27/10/90 18:00,0,0,0
27/10/90 19:00,0,0,0
27/10/90 20:00,0,0,0
27/10/90 21:00,0,0,0
27/10/90 22:00,0,0,0
27/10/90 23:00,0,0,0
28/10/90 00:00,0,0,0
28/10/90 01:00,0,0,0
28/10/90 02:00,0,0,0
28/10/90 03:00,0,0,0
28/10/90 04:00,0,0,0
28/10/90 05:00,0,0,0
28/10/90 06:00,14.756,16.61,16.743
28/10/90 07:00,202.3,216.5,210.13
28/10/90 08:00,313.64,419.69,409.31
28/10/90 09:00,378.93,595.84,584.17
28/10/90 10:00,673.45,739.1,726.46
28/10/90 11:00,569.37,834,821.45
28/10/90 12:00,816.65,874.32,862.25
28/10/90 13:00,598.78,789.23,779.37
28/10/90 14:00,412.09,657.94,650.37
28/10/90 15:00,133.67,473.15,467.91
28/10/90 16:00,19.833,247.08,244.78
28/10/90 17:00,11.502,18.814,18.852
28/10/90 18:00,0,0,0
28/10/90 19:00,0,0,0
28/10/90 20:00,0,0,0
28/10/90 21:00,0,0,0
28/10/90 22:00,0,0,0
28/10/90 23:00,0,0,0
29/10/90 00:00,0,0,0
29/10/90 01:00,0,0,0
29/10/90 02:00,0,0,0
29/10/90 03:00,0,0,0
29/10/90 04:00,0,0,0
29/10/90 05:00,0,0,0
29/10/90 06:00,13.17,18.009,18.121
29/10/90 07:00,119.43,227.97,220.68
29/10/90 08:00,235.59,436.96,425.46
29/10/90 09:00,337.18,639.04,624.97
29/10/90 10:00,478.3,774.35,760.65
29/10/90 11:00,564.48,901.33,886.56
29/10/90 12:00,706.34,883.54,870.93
29/10/90 13:00,538.93,777.2,767.37
29/10/90 14:00,398.83,621.81,614.71
29/10/90 15:00,443.48,426.41,422.07
29/10/90 16:00,267.92,199.63,198.07
29/10/90 17:00,30.642,13.238,13.271
29/10/90 18:00,0,0,0
29/10/90 19:00,0,0,0
29/10/90 20:00,0,0,0
29/10/90 21:00,0,0,0
29/10/90 22:00,0,0,0
29/10/90 23:00,0,0,0
30/10/90 00:00,0,0,0
30/10/90 01:00,0,0,0
30/10/90 02:00,0,0,0
30/10/90 03:00,0,0,0
30/10/90 04:00,0,0,0
30/10/90 05:00,0,0,0
30/10/90 06:00,11.09,9.3564,9.4671
30/10/90 07:00,96.875,153.23,150.77
30/10/90 08:00,306.56,292.62,289.36
30/10/90 09:00,554.87,487.83,481.3
30/10/90 10:00,844.5,634.93,625.96
30/10/90 11:00,590.74,676.47,669.05
30/10/90 12:00,782.29,699.37,691.51
30/10/90 13:00,318.94,701.04,692.87
30/10/90 14:00,64.99,661.05,653.4
30/10/90 15:00,38.779,457.35,452.31
30/10/90 16:00,20.225,241.88,239.39
30/10/90 17:00,0,26.368,26.42
30/10/90 18:00,0,0,0
30/10/90 19:00,0,0,0
30/10/90 20:00,0,0,0
30/10/90 21:00,0,0,0
30/10/90 22:00,0,0,0
30/10/90 23:00,0,0,0
31/10/90 00:00,0,0,0
31/10/90 01:00,0,0,0
31/10/90 02:00,0,0,0
31/10/90 03:00,0,0,0
31/10/90 04:00,0,0,0
31/10/90 05:00,0,0,0
31/10/90 06:00,0,0,0
31/10/90 07:00,56.228,38.012,38.161
31/10/90 08:00,255.58,71.472,71.625
31/10/90 09:00,358.93,103.47,103.61
31/10/90 10:00,465.11,140.65,140.76
31/10/90 11:00,703.97,164.48,164.58
31/10/90 12:00,692.88,164.68,164.7
31/10/90 13:00,510.89,147.02,147.16
31/10/90 14:00,421.28,116.01,116.07
31/10/90 15:00,359.97,75.767,75.886
31/10/90 16:00,269.2,41.401,41.498
31/10/90 17:00,31.921,0,0
31/10/90 18:00,0,0,0
31/10/90 19:00,0,0,0
31/10/90 20:00,0,0,0
31/10/90 21:00,0,0,0
31/10/90 22:00,0,0,0
31/10/90 23:00,0,0,0
1/11/1990 0:00,0,0,0
1/11/1990 1:00,0,0,0
1/11/1990 2:00,0,0,0
1/11/1990 3:00,0,0,0
1/11/1990 4:00,0,0,0
1/11/1990 5:00,0,0,0
1/11/1990 6:00,0,0,10.064
1/11/1990 7:00,93.902,26.364,43.032
1/11/1990 8:00,189.83,48.778,325.01
1/11/1990 9:00,286.25,77.162,455.77
1/11/1990 10:00,387.25,96.404,557.43
1/11/1990 11:00,396.68,110.07,460.83
1/11/1990 12:00,375.75,101.6,94.153
1/11/1990 13:00,344.52,93.111,866.58
1/11/1990 14:00,283.83,77.458,240.91
1/11/1990 15:00,183.86,57.038,356.08
1/11/1990 16:00,72.299,26.578,209.16
1/11/1990 17:00,0,0,0
1/11/1990 18:00,0,0,0
1/11/1990 19:00,0,0,0
1/11/1990 20:00,0,0,0
1/11/1990 21:00,0,0,0
1/11/1990 22:00,0,0,0
1/11/1990 23:00,0,0,0
2/11/1990 0:00,0,0,0
2/11/1990 1:00,0,0,0
2/11/1990 2:00,0,0,0
2/11/1990 3:00,0,0,0
2/11/1990 4:00,0,0,0
2/11/1990 5:00,0,0,0
2/11/1990 6:00,0,17.417,10.264
2/11/1990 7:00,38.161,232.86,129.12
2/11/1990 8:00,185.86,452.49,291.71
2/11/1990 9:00,335.26,635.93,380.42
2/11/1990 10:00,486.26,739.58,470.48
2/11/1990 11:00,529.73,823.01,571.44
2/11/1990 12:00,503.67,832.67,640.31
2/11/1990 13:00,514.48,783.72,534.22
2/11/1990 14:00,411.2,629.88,455.84
2/11/1990 15:00,276.16,440.35,266.42
2/11/1990 16:00,270.11,228.59,110.05
2/11/1990 17:00,18.744,15.031,0
2/11/1990 18:00,0,0,0
2/11/1990 19:00,0,0,0
2/11/1990 20:00,0,0,0
2/11/1990 21:00,0,0,0
2/11/1990 22:00,0,0,0
2/11/1990 23:00,0,0,0
3/11/1990 0:00,0,0,0
3/11/1990 1:00,0,0,0
3/11/1990 2:00,0,0,0
3/11/1990 3:00,0,0,0
3/11/1990 4:00,0,0,0
3/11/1990 5:00,0,0,0
3/11/1990 6:00,0,12.942,10.365
3/11/1990 7:00,105.27,194.39,81.639
3/11/1990 8:00,258.09,392.42,165.08
3/11/1990 9:00,293.74,552.5,105.5
3/11/1990 10:00,290.6,645.19,69.233
3/11/1990 11:00,367.99,686.57,227.24
3/11/1990 12:00,397.06,691.66,521.14
3/11/1990 13:00,333.96,687.91,493.16
3/11/1990 14:00,331.24,557.4,546.96
3/11/1990 15:00,186.15,463.82,343.62
3/11/1990 16:00,171.69,276.32,204.78
3/11/1990 17:00,13.972,23.784,15.369
3/11/1990 18:00,0,0,0
3/11/1990 19:00,0,0,0
3/11/1990 20:00,0,0,0
3/11/1990 21:00,0,0,0
3/11/1990 22:00,0,0,0
3/11/1990 23:00,0,0,0
4/11/1990 0:00,0,0,0
4/11/1990 1:00,0,0,0
4/11/1990 2:00,0,0,0
4/11/1990 3:00,0,0,0
4/11/1990 4:00,0,0,0
4/11/1990 5:00,0,0,0
4/11/1990 6:00,0,16.512,0
4/11/1990 7:00,91.323,229.35,100.7
4/11/1990 8:00,230.51,451.47,39.646
4/11/1990 9:00,341.46,645.8,56.473
4/11/1990 10:00,419.36,785.91,252.27
4/11/1990 11:00,372.57,863.37,567.16
4/11/1990 12:00,443.27,870.39,537.62
4/11/1990 13:00,360.64,796.11,368
4/11/1990 14:00,317.18,640.74,652.47
4/11/1990 15:00,208.42,447.4,522.73
4/11/1990 16:00,95.337,221.98,263.23
4/11/1990 17:00,0,14.323,48.427
4/11/1990 18:00,0,0,0
4/11/1990 19:00,0,0,0
4/11/1990 20:00,0,0,0
4/11/1990 21:00,0,0,0
4/11/1990 22:00,0,0,0
4/11/1990 23:00,0,0,0
5/11/1990 0:00,0,0,0
5/11/1990 1:00,0,0,0
5/11/1990 2:00,0,0,0
5/11/1990 3:00,0,0,0
5/11/1990 4:00,0,0,0
5/11/1990 5:00,0,0,0
5/11/1990 6:00,10.021,9.4551,9.5751
5/11/1990 7:00,142.95,43.491,113.57
5/11/1990 8:00,213.97,326.39,236.46
5/11/1990 9:00,363.78,451.57,319.16
5/11/1990 10:00,607.65,549.1,445.46
5/11/1990 11:00,610.12,445.46,511.15
5/11/1990 12:00,534.81,73.593,465
5/11/1990 13:00,363.94,865.26,409.83
5/11/1990 14:00,405.32,231.21,298.41
5/11/1990 15:00,446.4,355.7,191.02
5/11/1990 16:00,267.23,211.01,91.269
5/11/1990 17:00,23.107,0,0
5/11/1990 18:00,0,0,0
5/11/1990 19:00,0,0,0
5/11/1990 20:00,0,0,0
5/11/1990 21:00,0,0,0
5/11/1990 22:00,0,0,0
5/11/1990 23:00,0,0,0
6/11/1990 0:00,0,0,0
6/11/1990 1:00,0,0,0
6/11/1990 2:00,0,0,0
6/11/1990 3:00,0,0,0
6/11/1990 4:00,0,0,0
6/11/1990 5:00,0,0,0
6/11/1990 6:00,0,13.633,14.357
6/11/1990 7:00,91.617,137.56,180.48
6/11/1990 8:00,116.6,287.52,386.22
6/11/1990 9:00,362.27,495.61,555.11
6/11/1990 10:00,292.69,688.3,706.93
6/11/1990 11:00,438.62,758.37,814.1
6/11/1990 12:00,202.56,764.37,760.73
6/11/1990 13:00,326.42,719.9,694.23
6/11/1990 14:00,562.64,630.56,574.59
6/11/1990 15:00,473.79,391.63,400.7
6/11/1990 16:00,281.57,196.92,194.54
6/11/1990 17:00,29.245,15.82,11.882
6/11/1990 18:00,0,0,0
6/11/1990 19:00,0,0,0
6/11/1990 20:00,0,0,0
6/11/1990 21:00,0,0,0
6/11/1990 22:00,0,0,0
6/11/1990 23:00,0,0,0
7/11/1990 0:00,0,0,0
7/11/1990 1:00,0,0,0
7/11/1990 2:00,0,0,0
7/11/1990 3:00,0,0,0
7/11/1990 4:00,0,0,0
7/11/1990 5:00,0,0,0
7/11/1990 6:00,0,9.5538,9.9742
7/11/1990 7:00,129.37,135.46,165.15
7/11/1990 8:00,191.84,310.89,508.16
7/11/1990 9:00,255.96,407.5,661.35
7/11/1990 10:00,332.34,505.75,713.52
7/11/1990 11:00,424.34,615.12,831.04
7/11/1990 12:00,504.06,689.44,689.7
7/11/1990 13:00,501.22,573.38,290.73
7/11/1990 14:00,294.3,487.53,70.33
7/11/1990 15:00,186.86,282.94,202.77
7/11/1990 16:00,148.97,115.41,18.964
7/11/1990 17:00,0,0,0
7/11/1990 18:00,0,0,0
7/11/1990 19:00,0,0,0
7/11/1990 20:00,0,0,0
7/11/1990 21:00,0,0,0
7/11/1990 22:00,0,0,0
7/11/1990 23:00,0,0,0
8/11/1990 0:00,0,0,0
8/11/1990 1:00,0,0,0
8/11/1990 2:00,0,0,0
8/11/1990 3:00,0,0,0
8/11/1990 4:00,0,0,0
8/11/1990 5:00,0,0,0
8/11/1990 6:00,0,9.8498,0
8/11/1990 7:00,132.9,82.235,80.636
8/11/1990 8:00,330.76,175.1,175.81
8/11/1990 9:00,610.67,106.64,299.56
8/11/1990 10:00,629.16,63.427,304.56
8/11/1990 11:00,655.35,242.33,329.73
8/11/1990 12:00,698.2,582.96,418.71
8/11/1990 13:00,643.25,551.9,360.38
8/11/1990 14:00,582.4,617.07,250.44
8/11/1990 15:00,370.51,382.27,171.04
8/11/1990 16:00,240.77,225.77,87.48
8/11/1990 17:00,23.602,15.919,0
8/11/1990 18:00,0,0,0
8/11/1990 19:00,0,0,0
8/11/1990 20:00,0,0,0
8/11/1990 21:00,0,0,0
8/11/1990 22:00,0,0,0
8/11/1990 23:00,0,0,0
9/11/1990 0:00,0,0,0
9/11/1990 1:00,0,0,0
9/11/1990 2:00,0,0,0
9/11/1990 3:00,0,0,0
9/11/1990 4:00,0,0,0
9/11/1990 5:00,0,0,0
9/11/1990 6:00,5.6941,14.423,14.36
9/11/1990 7:00,189.01,206.67,213.55
9/11/1990 8:00,391.61,437.09,426.62
9/11/1990 9:00,659.76,612.92,611.8
9/11/1990 10:00,678.69,749.24,749.02
9/11/1990 11:00,621.3,828.13,826.91
9/11/1990 12:00,670.85,819.6,828.27
9/11/1990 13:00,696.26,740.48,753.2
9/11/1990 14:00,596.6,608.46,621.8
9/11/1990 15:00,400.01,417.67,444
9/11/1990 16:00,131.13,212.89,218.35
9/11/1990 17:00,10.7,12.629,12.89
9/11/1990 18:00,0,0,0
9/11/1990 19:00,0,0,0
9/11/1990 20:00,0,0,0
9/11/1990 21:00,0,0,0
9/11/1990 22:00,0,0,0
9/11/1990 23:00,0,0,0
10/11/1990 0:00,0,0,0
10/11/1990 1:00,0,0,0
10/11/1990 2:00,0,0,0
10/11/1990 3:00,0,0,0
10/11/1990 4:00,0,0,0
10/11/1990 5:00,0,0,0
10/11/1990 6:00,0,10.146,12.881
10/11/1990 7:00,72.132,134.36,206.24
10/11/1990 8:00,169.33,287.42,424.15
10/11/1990 9:00,298.43,424.39,599.81
10/11/1990 10:00,348.58,525.51,736.89
10/11/1990 11:00,405.05,546.99,811.22
10/11/1990 12:00,418.49,450.97,813.29
10/11/1990 13:00,340.72,328.29,770.65
10/11/1990 14:00,298.08,325.09,639.85
10/11/1990 15:00,259.04,225.66,459.29
10/11/1990 16:00,150.75,95.492,232.24
10/11/1990 17:00,16.255,0,15.273
10/11/1990 18:00,0,0,0
10/11/1990 19:00,0,0,0
10/11/1990 20:00,0,0,0
10/11/1990 21:00,0,0,0
10/11/1990 22:00,0,0,0
10/11/1990 23:00,0,0,0
11/11/1990 0:00,0,0,0
11/11/1990 1:00,0,0,0
11/11/1990 2:00,0,0,0
11/11/1990 3:00,0,0,0
11/11/1990 4:00,0,0,0
11/11/1990 5:00,0,0,0
11/11/1990 6:00,5.7033,8.3533,12.571
11/11/1990 7:00,150.75,159.67,201.11
11/11/1990 8:00,368.58,509.01,390.86
11/11/1990 9:00,450.73,664.64,567.23
11/11/1990 10:00,384.79,712.48,706.62
11/11/1990 11:00,367.9,831.25,786.9
11/11/1990 12:00,570.24,682.64,809.94
11/11/1990 13:00,479.77,271.44,728.87
11/11/1990 14:00,501.23,53.459,613.63
11/11/1990 15:00,403.51,189.87,415.51
11/11/1990 16:00,142.9,18.402,194.83
11/11/1990 17:00,0,0,11.196
11/11/1990 18:00,0,0,0
11/11/1990 19:00,0,0,0
11/11/1990 20:00,0,0,0
11/11/1990 21:00,0,0,0
11/11/1990 22:00,0,0,0
11/11/1990 23:00,0,0,0
12/11/1990 0:00,0,0,0
12/11/1990 1:00,0,0,0
12/11/1990 2:00,0,0,0
12/11/1990 3:00,0,0,0
12/11/1990 4:00,0,0,0
12/11/1990 5:00,0,0,0
12/11/1990 6:00,0,0,11.286
12/11/1990 7:00,75.519,27.663,170.38
12/11/1990 8:00,187.05,49.962,317.15
12/11/1990 9:00,246.02,73.785,404.01
12/11/1990 10:00,331.26,91.313,496.07
12/11/1990 11:00,365.11,96.706,781.02
12/11/1990 12:00,388.2,105.58,747.26
12/11/1990 13:00,347.81,94.309,762.85
12/11/1990 14:00,295.79,75.464,576.45
12/11/1990 15:00,194.1,51.558,362.04
12/11/1990 16:00,88.392,27.959,181.25
12/11/1990 17:00,3.4655,0,18.764
12/11/1990 18:00,0,0,0
12/11/1990 19:00,0,0,0
12/11/1990 20:00,0,0,0
12/11/1990 21:00,0,0,0
12/11/1990 22:00,0,0,0
12/11/1990 23:00,0,0,0
13/11/90 00:00,0,0,0
13/11/90 01:00,0,0,0
13/11/90 02:00,0,0,0
13/11/90 03:00,0,0,0
13/11/90 04:00,0,0,0
13/11/90 05:00,0,0,0
13/11/90 06:00,0,0,12.573
13/11/90 07:00,84.068,178,227
13/11/90 08:00,187.57,238.98,466.11
13/11/90 09:00,265.16,343.68,670.32
13/11/90 10:00,319.7,488.46,816.39
13/11/90 11:00,370.18,604.81,897.18
13/11/90 12:00,351.82,734.52,899.96
13/11/90 13:00,298.81,597.02,828.48
13/11/90 14:00,241.56,586.01,686.01
13/11/90 15:00,151.26,347.79,485.3
13/11/90 16:00,74.399,107.76,247.53
13/11/90 17:00,0,0,13.289
13/11/90 18:00,0,0,0
13/11/90 19:00,0,0,0
13/11/90 20:00,0,0,0
13/11/90 21:00,0,0,0
13/11/90 22:00,0,0,0
13/11/90 23:00,0,0,0
14/11/90 00:00,0,0,0
14/11/90 01:00,0,0,0
14/11/90 02:00,0,0,0
14/11/90 03:00,0,0,0
14/11/90 04:00,0,0,0
14/11/90 05:00,0,0,0
14/11/90 06:00,9.4591,13.539,13.284
14/11/90 07:00,166.52,196.05,181.84
14/11/90 08:00,408.31,407.03,383.5
14/11/90 09:00,532.8,532.78,507.62
14/11/90 10:00,548.35,552.66,530.68
14/11/90 11:00,719.89,644.97,618.9
14/11/90 12:00,734.58,674.84,647.67
14/11/90 13:00,637.19,433.03,419.91
14/11/90 14:00,553.38,339.68,329.9
14/11/90 15:00,386.74,132.43,130.46
14/11/90 16:00,190.18,132.18,128.17
14/11/90 17:00,8.9271,0,0
14/11/90 18:00,0,0,0
14/11/90 19:00,0,0,0
14/11/90 20:00,0,0,0
14/11/90 21:00,0,0,0
14/11/90 22:00,0,0,0
14/11/90 23:00,0,0,0
15/11/90 00:00,0,0,0
15/11/90 01:00,0,0,0
15/11/90 02:00,0,0,0
15/11/90 03:00,0,0,0
15/11/90 04:00,0,0,0
15/11/90 05:00,0,0,0
15/11/90 06:00,5.7916,10.064,0
15/11/90 07:00,187.24,150.37,97.747
15/11/90 08:00,394.11,369.43,172.28
15/11/90 09:00,588.69,410.3,284.05
15/11/90 10:00,733.4,587.11,357.35
15/11/90 11:00,825.13,581.63,394.79
15/11/90 12:00,856.93,635.09,404.53
15/11/90 13:00,804.02,550.28,372.14
15/11/90 14:00,663.34,506.95,264.16
15/11/90 15:00,469.88,420.56,151.15
15/11/90 16:00,246.57,270.72,73.943
15/11/90 17:00,18.641,21.104,0
15/11/90 18:00,0,0,0
15/11/90 19:00,0,0,0
15/11/90 20:00,0,0,0
15/11/90 21:00,0,0,0
15/11/90 22:00,0,0,0
15/11/90 23:00,0,0,0
16/11/90 00:00,0,0,0
16/11/90 01:00,0,0,0
16/11/90 02:00,0,0,0
16/11/90 03:00,0,0,0
16/11/90 04:00,0,0,0
16/11/90 05:00,0,0,0
16/11/90 06:00,9.1683,9.286,0
16/11/90 07:00,172.2,161.07,123.65
16/11/90 08:00,353.81,264.44,107.82
16/11/90 09:00,496.78,463.03,341.4
16/11/90 10:00,616.32,591.01,392.81
16/11/90 11:00,675.47,655.34,397.7
16/11/90 12:00,742.63,678.12,488.74
16/11/90 13:00,641.48,624.89,384.84
16/11/90 14:00,632.83,417.51,288.91
16/11/90 15:00,456.3,213.9,375.51
16/11/90 16:00,237.21,103.05,273.83
16/11/90 17:00,17.158,0,23.421
16/11/90 18:00,0,0,0
16/11/90 19:00,0,0,0
16/11/90 20:00,0,0,0
16/11/90 21:00,0,0,0
16/11/90 22:00,0,0,0
16/11/90 23:00,0,0,0
17/11/90 00:00,0,0,0
17/11/90 01:00,0,0,0
17/11/90 02:00,0,0,0
17/11/90 03:00,0,0,0
17/11/90 04:00,0,0,0
17/11/90 05:00,0,0,0
17/11/90 06:00,0,0,20.394
17/11/90 07:00,14.265,105.46,234.02
17/11/90 08:00,31.129,71.371,466.68
17/11/90 09:00,188.1,298.83,715.18
17/11/90 10:00,377.31,341.46,547.61
17/11/90 11:00,566.58,341.27,390.18
17/11/90 12:00,745.41,436.38,644.42
17/11/90 13:00,824.58,333.28,598.81
17/11/90 14:00,596.65,244.91,390.04
17/11/90 15:00,343.19,348.46,160.36
17/11/90 16:00,142.52,259.7,18.675
17/11/90 17:00,10.205,22.19,0
17/11/90 18:00,0,0,0
17/11/90 19:00,0,0,0
17/11/90 20:00,0,0,0
17/11/90 21:00,0,0,0
17/11/90 22:00,0,0,0
17/11/90 23:00,0,0,0
18/11/90 00:00,0,0,0
18/11/90 01:00,0,0,0
18/11/90 02:00,0,0,0
18/11/90 03:00,0,0,0
18/11/90 04:00,0,0,0
18/11/90 05:00,0,0,0
18/11/90 06:00,8.3838,0,10.821
18/11/90 07:00,176.29,93.088,201.28
18/11/90 08:00,317.32,181.67,422.34
18/11/90 09:00,615.96,267.62,620.02
18/11/90 10:00,611.11,294.27,770.4
18/11/90 11:00,658.1,302.36,850.89
18/11/90 12:00,642.02,329.5,854.55
18/11/90 13:00,692.13,302.15,786.97
18/11/90 14:00,484.75,236.92,638.08
18/11/90 15:00,254.27,152.87,444.95
18/11/90 16:00,115.93,66.301,218.5
18/11/90 17:00,0,0,11.711
18/11/90 18:00,0,0,0
18/11/90 19:00,0,0,0
18/11/90 20:00,0,0,0
18/11/90 21:00,0,0,0
18/11/90 22:00,0,0,0
18/11/90 23:00,0,0,0
19/11/90 00:00,0,0,0
19/11/90 01:00,0,0,0
19/11/90 02:00,0,0,0
19/11/90 03:00,0,0,0
19/11/90 04:00,0,0,0
19/11/90 05:00,0,0,0
19/11/90 06:00,5.8006,0,10.025
19/11/90 07:00,165.35,84.229,191.88
19/11/90 08:00,376.8,204.12,400.45
19/11/90 09:00,548.21,348.96,604.14
19/11/90 10:00,684.74,418.33,749.95
19/11/90 11:00,774.84,451.25,835.3
19/11/90 12:00,726.73,676.81,835.8
19/11/90 13:00,666.86,544.08,769.25
19/11/90 14:00,563.31,433.09,632.25
19/11/90 15:00,416.68,404.95,441.47
19/11/90 16:00,201.57,253.82,218.85
19/11/90 17:00,16.254,19.711,12.405
19/11/90 18:00,0,0,0
19/11/90 19:00,0,0,0
19/11/90 20:00,0,0,0
19/11/90 21:00,0,0,0
19/11/90 22:00,0,0,0
19/11/90 23:00,0,0,0
20/11/90 00:00,0,0,0
20/11/90 01:00,0,0,0
20/11/90 02:00,0,0,0
20/11/90 03:00,0,0,0
20/11/90 04:00,0,0,0
20/11/90 05:00,0,0,0
20/11/90 06:00,0,0,9.2409
20/11/90 07:00,179.51,15.524,169.5
20/11/90 08:00,329.89,130.34,380.16
20/11/90 09:00,499.42,154.57,585.52
20/11/90 10:00,718.35,485.73,700.37
20/11/90 11:00,663.3,462.33,796.6
20/11/90 12:00,639.74,491.29,760.79
20/11/90 13:00,623.33,646.44,684.88
20/11/90 14:00,564.62,553.41,595.34
20/11/90 15:00,358.1,340.16,395.33
20/11/90 16:00,151,168.97,181.16
20/11/90 17:00,0,18.611,10.512
20/11/90 18:00,0,0,0
20/11/90 19:00,0,0,0
20/11/90 20:00,0,0,0
20/11/90 21:00,0,0,0
20/11/90 22:00,0,0,0
20/11/90 23:00,0,0,0
21/11/90 00:00,0,0,0
21/11/90 01:00,0,0,0
21/11/90 02:00,0,0,0
21/11/90 03:00,0,0,0
21/11/90 04:00,0,0,0
21/11/90 05:00,0,0,0
21/11/90 06:00,0,7.6013,8.6201
21/11/90 07:00,110.2,161.01,168.92
21/11/90 08:00,194.36,147.88,367.72
21/11/90 09:00,329.24,399.1,568.24
21/11/90 10:00,224.84,519.28,716.64
21/11/90 11:00,390.08,457.12,788.38
21/11/90 12:00,567.56,161.28,805.86
21/11/90 13:00,678.55,795.53,733.61
21/11/90 14:00,643.37,492.15,604.25
21/11/90 15:00,446.31,91.6,389.06
21/11/90 16:00,226.1,33.043,189.83
21/11/90 17:00,45.822,0,11.123
21/11/90 18:00,0,0,0
21/11/90 19:00,0,0,0
21/11/90 20:00,0,0,0
21/11/90 21:00,0,0,0
21/11/90 22:00,0,0,0
21/11/90 23:00,0,0,0
22/11/90 00:00,0,0,0
22/11/90 01:00,0,0,0
22/11/90 02:00,0,0,0
22/11/90 03:00,0,0,0
22/11/90 04:00,0,0,0
22/11/90 05:00,0,0,0
22/11/90 06:00,0,0,0
22/11/90 07:00,49.082,166.48,90.388
22/11/90 08:00,111.63,275.92,215.54
22/11/90 09:00,171.97,343.67,356.69
22/11/90 10:00,215.16,614.86,436.78
22/11/90 11:00,237.84,603.07,477.05
22/11/90 12:00,234.45,612.37,635.37
22/11/90 13:00,216.81,601.5,528.43
22/11/90 14:00,177.42,484.22,421.59
22/11/90 15:00,122.36,266.45,361.44
22/11/90 16:00,61.382,83.324,218.82
22/11/90 17:00,0,0,16.09
22/11/90 18:00,0,0,0
22/11/90 19:00,0,0,0
22/11/90 20:00,0,0,0
22/11/90 21:00,0,0,0
22/11/90 22:00,0,0,0
22/11/90 23:00,0,0,0
23/11/90 00:00,0,0,0
23/11/90 01:00,0,0,0
23/11/90 02:00,0,0,0
23/11/90 03:00,0,0,0
23/11/90 04:00,0,0,0
23/11/90 05:00,0,0,0
23/11/90 06:00,0,0,0
23/11/90 07:00,117.57,76.162,15.429
23/11/90 08:00,180.32,173.5,127.94
23/11/90 09:00,260.19,232.71,151.23
23/11/90 10:00,322.49,301.95,471.18
23/11/90 11:00,491.38,351.34,450.34
23/11/90 12:00,443.16,373.49,479.49
23/11/90 13:00,597.1,321.8,629.45
23/11/90 14:00,586.13,231.23,539.62
23/11/90 15:00,469.35,149.08,334.7
23/11/90 16:00,182.75,67.684,167.08
23/11/90 17:00,16.953,0,18.778
23/11/90 18:00,0,0,0
23/11/90 19:00,0,0,0
23/11/90 20:00,0,0,0
23/11/90 21:00,0,0,0
23/11/90 22:00,0,0,0
23/11/90 23:00,0,0,0
24/11/90 00:00,0,0,0
24/11/90 01:00,0,0,0
24/11/90 02:00,0,0,0
24/11/90 03:00,0,0,0
24/11/90 04:00,0,0,0
24/11/90 05:00,0,0,0
24/11/90 06:00,0,8.2289,8.0548
24/11/90 07:00,108.87,179.62,167.17
24/11/90 08:00,323.18,378.62,266.67
24/11/90 09:00,436.69,558.06,471.52
24/11/90 10:00,584.23,690.23,591.82
24/11/90 11:00,494.87,806.42,596.05
24/11/90 12:00,541.01,852.17,456.4
24/11/90 13:00,703.48,709.63,732.86
24/11/90 14:00,598.09,555.12,528.02
24/11/90 15:00,361.9,375.69,251.11
24/11/90 16:00,212.05,181.5,123.1
24/11/90 17:00,14.175,9.7652,8.9302
24/11/90 18:00,0,0,0
24/11/90 19:00,0,0,0
24/11/90 20:00,0,0,0
24/11/90 21:00,0,0,0
24/11/90 22:00,0,0,0
24/11/90 23:00,0,0,0
25/11/90 00:00,0,0,0
25/11/90 01:00,0,0,0
25/11/90 02:00,0,0,0
25/11/90 03:00,0,0,0
25/11/90 04:00,0,0,0
25/11/90 05:00,0,0,0
25/11/90 06:00,0,8.516,0
25/11/90 07:00,156.45,185.39,151.81
25/11/90 08:00,358.8,353.26,254.21
25/11/90 09:00,549.48,527.28,311.91
25/11/90 10:00,687.6,705.91,545.92
25/11/90 11:00,726.8,793.44,535.03
25/11/90 12:00,753.11,624.65,544.45
25/11/90 13:00,675.73,592.69,538.04
25/11/90 14:00,567.18,492.44,440.22
25/11/90 15:00,387.41,246.97,251.48
25/11/90 16:00,200,74.96,87.144
25/11/90 17:00,13.084,0,0
25/11/90 18:00,0,0,0
25/11/90 19:00,0,0,0
25/11/90 20:00,0,0,0
25/11/90 21:00,0,0,0
25/11/90 22:00,0,0,0
25/11/90 23:00,0,0,0
26/11/90 00:00,0,0,0
26/11/90 01:00,0,0,0
26/11/90 02:00,0,0,0
26/11/90 03:00,0,0,0
26/11/90 04:00,0,0,0
26/11/90 05:00,0,0,0
26/11/90 06:00,0,7.6364,7.7306
26/11/90 07:00,112.15,220.71,195.04
26/11/90 08:00,240.7,459.78,415.02
26/11/90 09:00,330.66,666.43,610.88
26/11/90 10:00,387.51,817.07,750.46
26/11/90 11:00,513.14,899.94,829.75
26/11/90 12:00,513.55,904.85,832.06
26/11/90 13:00,410.81,832.47,775.15
26/11/90 14:00,258.68,688.04,640.3
26/11/90 15:00,91.667,485.19,447.76
26/11/90 16:00,22.012,247.24,226.9
26/11/90 17:00,0,11.456,11.914
26/11/90 18:00,0,0,0
26/11/90 19:00,0,0,0
26/11/90 20:00,0,0,0
26/11/90 21:00,0,0,0
26/11/90 22:00,0,0,0
26/11/90 23:00,0,0,0
27/11/90 00:00,0,0,0
27/11/90 01:00,0,0,0
27/11/90 02:00,0,0,0
27/11/90 03:00,0,0,0
27/11/90 04:00,0,0,0
27/11/90 05:00,0,0,0
27/11/90 06:00,0,7.3498,0
27/11/90 07:00,187.61,221.19,47.71
27/11/90 08:00,419.81,461.35,110.68
27/11/90 09:00,628.73,671.08,134.53
27/11/90 10:00,783.01,822.44,181.06
27/11/90 11:00,870.24,904.32,218.01
27/11/90 12:00,886.37,912.52,238.22
27/11/90 13:00,827.79,839.04,194.06
27/11/90 14:00,693.34,693.5,126.71
27/11/90 15:00,496.91,487.28,81.765
27/11/90 16:00,263.89,247.93,38.617
27/11/90 17:00,18.146,11.553,0
27/11/90 18:00,0,0,0
27/11/90 19:00,0,0,0
27/11/90 20:00,0,0,0
27/11/90 21:00,0,0,0
27/11/90 22:00,0,0,0
27/11/90 23:00,0,0,0
28/11/90 00:00,0,0,0
28/11/90 01:00,0,0,0
28/11/90 02:00,0,0,0
28/11/90 03:00,0,0,0
28/11/90 04:00,0,0,0
28/11/90 05:00,0,0,0
28/11/90 06:00,0,3.6269,0
28/11/90 07:00,178.85,204.37,37.172
28/11/90 08:00,404.31,434.68,85.051
28/11/90 09:00,609.17,636.06,132.04
28/11/90 10:00,759.41,790.1,167.86
28/11/90 11:00,843.04,874.43,214.03
28/11/90 12:00,862.56,881.23,234.84
28/11/90 13:00,781.85,808.59,164.43
28/11/90 14:00,649.33,662.52,119.54
28/11/90 15:00,451.42,461.72,79.478
28/11/90 16:00,228.23,232.23,38.223
28/11/90 17:00,14.771,11.747,0
28/11/90 18:00,0,0,0
28/11/90 19:00,0,0,0
28/11/90 20:00,0,0,0
28/11/90 21:00,0,0,0
28/11/90 22:00,0,0,0
28/11/90 23:00,0,0,0
29/11/90 00:00,0,0,0
29/11/90 01:00,0,0,0
29/11/90 02:00,0,0,0
29/11/90 03:00,0,0,0
29/11/90 04:00,0,0,0
29/11/90 05:00,0,0,0
29/11/90 06:00,0,0,0
29/11/90 07:00,139.03,174.59,72.908
29/11/90 08:00,332.99,384.84,182.09
29/11/90 09:00,435.62,585.76,294.85
29/11/90 10:00,576.27,727.6,327.21
29/11/90 11:00,677.82,806.3,432.34
29/11/90 12:00,821.89,831.04,371.36
29/11/90 13:00,680.05,775.41,380.23
29/11/90 14:00,562.31,647.69,297.36
29/11/90 15:00,442.89,447.46,210.82
29/11/90 16:00,249.46,230.39,86.843
29/11/90 17:00,16.646,14.738,7.2224
29/11/90 18:00,0,0,0
29/11/90 19:00,0,0,0
29/11/90 20:00,0,0,0
29/11/90 21:00,0,0,0
29/11/90 22:00,0,0,0
29/11/90 23:00,0,0,0
30/11/90 00:00,0,0,0
30/11/90 01:00,0,0,0
30/11/90 02:00,0,0,0
30/11/90 03:00,0,0,0
30/11/90 04:00,0,0,0
30/11/90 05:00,0,0,0
30/11/90 06:00,0,0,0
30/11/90 07:00,132.4,193.73,169.41
30/11/90 08:00,301.2,418.73,381.54
30/11/90 09:00,494.28,624.82,582.49
30/11/90 10:00,658.62,770.7,725.12
30/11/90 11:00,805.65,846.1,806.36
30/11/90 12:00,779.06,858.45,809.36
30/11/90 13:00,701.42,791.29,746.96
30/11/90 14:00,581.37,653.13,622.52
30/11/90 15:00,418.16,455.49,431.83
30/11/90 16:00,223.25,229.56,218.37
30/11/90 17:00,16.952,12.333,12.4
30/11/90 18:00,0,0,0
30/11/90 19:00,0,0,0
30/11/90 20:00,0,0,0
30/11/90 21:00,0,0,0
30/11/90 22:00,0,0,0
30/11/90 23:00,0,0,0
1/12/1990 0:00,0,0,0
1/12/1990 1:00,0,0,0
1/12/1990 2:00,0,0,0
1/12/1990 3:00,0,0,0
1/12/1990 4:00,0,0,0
1/12/1990 5:00,0,0,0
1/12/1990 6:00,0,0,0
1/12/1990 7:00,157.17,202.03,175.21
1/12/1990 8:00,365.84,439.44,384.78
1/12/1990 9:00,571.71,649.26,576.08
1/12/1990 10:00,717.06,802.31,721.83
1/12/1990 11:00,773.05,883.79,801.46
1/12/1990 12:00,770.37,887.7,795.22
1/12/1990 13:00,714.8,821,734.63
1/12/1990 14:00,608.93,682.55,607.5
1/12/1990 15:00,447.46,480.31,417.8
1/12/1990 16:00,240.2,242.88,206.61
1/12/1990 17:00,18.043,12.728,11.807
1/12/1990 18:00,0,0,0
1/12/1990 19:00,0,0,0
1/12/1990 20:00,0,0,0
1/12/1990 21:00,0,0,0
1/12/1990 22:00,0,0,0
1/12/1990 23:00,0,0,0
2/12/1990 0:00,0,0,0
2/12/1990 1:00,0,0,0
2/12/1990 2:00,0,0,0
2/12/1990 3:00,0,0,0
2/12/1990 4:00,0,0,0
2/12/1990 5:00,0,0,0
2/12/1990 6:00,0,0,0
2/12/1990 7:00,78.841,161.22,146.32
2/12/1990 8:00,201.6,364.9,341.58
2/12/1990 9:00,288.13,568.97,501.44
2/12/1990 10:00,387.41,693.19,635.75
2/12/1990 11:00,429.14,758.06,744.13
2/12/1990 12:00,455.44,813.21,765.93
2/12/1990 13:00,399.13,736.84,712.41
2/12/1990 14:00,306.37,590.05,586.72
2/12/1990 15:00,185.28,401.83,416.75
2/12/1990 16:00,72.898,205.76,208.54
2/12/1990 17:00,0,13.549,12.629
2/12/1990 18:00,0,0,0
2/12/1990 19:00,0,0,0
2/12/1990 20:00,0,0,0
2/12/1990 21:00,0,0,0
2/12/1990 22:00,0,0,0
2/12/1990 23:00,0,0,0
3/12/1990 0:00,0,0,0
3/12/1990 1:00,0,0,0
3/12/1990 2:00,0,0,0
3/12/1990 3:00,0,0,0
3/12/1990 4:00,0,0,0
3/12/1990 5:00,0,0,0
3/12/1990 6:00,0,0,0
3/12/1990 7:00,128.15,163.9,153.85
3/12/1990 8:00,327.11,363.38,340.51
3/12/1990 9:00,510.82,537.93,488.94
3/12/1990 10:00,681.63,668.63,667.4
3/12/1990 11:00,772.02,782.89,777.85
3/12/1990 12:00,668.93,772.75,795.6
3/12/1990 13:00,600.33,717.24,709.7
3/12/1990 14:00,456.26,591.25,537.16
3/12/1990 15:00,374.79,424.07,347.53
3/12/1990 16:00,182.69,208.64,166.43
3/12/1990 17:00,11.192,12.541,9.9234
3/12/1990 18:00,0,0,0
3/12/1990 19:00,0,0,0
3/12/1990 20:00,0,0,0
3/12/1990 21:00,0,0,0
3/12/1990 22:00,0,0,0
3/12/1990 23:00,0,0,0
4/12/1990 0:00,0,0,0
4/12/1990 1:00,0,0,0
4/12/1990 2:00,0,0,0
4/12/1990 3:00,0,0,0
4/12/1990 4:00,0,0,0
4/12/1990 5:00,0,0,0
4/12/1990 6:00,0,0,0
4/12/1990 7:00,93.56,160.9,31.698
4/12/1990 8:00,275.65,404.04,162.23
4/12/1990 9:00,479.88,422.64,452.45
4/12/1990 10:00,572.29,648.72,442.4
4/12/1990 11:00,688.66,745.78,412.74
4/12/1990 12:00,717.22,596.18,847.18
4/12/1990 13:00,653.3,565.33,672.94
4/12/1990 14:00,541.42,573.89,400
4/12/1990 15:00,347.13,380.08,191.58
4/12/1990 16:00,177.61,209.88,132.01
4/12/1990 17:00,13.288,20.397,18.779
4/12/1990 18:00,0,0,0
4/12/1990 19:00,0,0,0
4/12/1990 20:00,0,0,0
4/12/1990 21:00,0,0,0
4/12/1990 22:00,0,0,0
4/12/1990 23:00,0,0,0
5/12/1990 0:00,0,0,0
5/12/1990 1:00,0,0,0
5/12/1990 2:00,0,0,0
5/12/1990 3:00,0,0,0
5/12/1990 4:00,0,0,0
5/12/1990 5:00,0,0,0
5/12/1990 6:00,0,8.7804,10.006
5/12/1990 7:00,90.236,204.11,189.57
5/12/1990 8:00,230.46,455.65,437.31
5/12/1990 9:00,294.77,439.91,329.9
5/12/1990 10:00,474.31,545,407.07
5/12/1990 11:00,564.52,482.28,279.7
5/12/1990 12:00,567.19,554.21,376.85
5/12/1990 13:00,604.34,571.11,432.09
5/12/1990 14:00,540.93,368.73,212.05
5/12/1990 15:00,462.89,277.14,175.26
5/12/1990 16:00,266.46,97.288,27.157
5/12/1990 17:00,24.982,0,0
5/12/1990 18:00,0,0,0
5/12/1990 19:00,0,0,0
5/12/1990 20:00,0,0,0
5/12/1990 21:00,0,0,0
5/12/1990 22:00,0,0,0
5/12/1990 23:00,0,0,0
6/12/1990 0:00,0,0,0
6/12/1990 1:00,0,0,0
6/12/1990 2:00,0,0,0
6/12/1990 3:00,0,0,0
6/12/1990 4:00,0,0,0
6/12/1990 5:00,0,0,0
6/12/1990 6:00,0,0,0
6/12/1990 7:00,112.8,92.901,169.49
6/12/1990 8:00,208.84,198.94,386
6/12/1990 9:00,376.5,352.94,576.55
6/12/1990 10:00,565.8,442.49,717.42
6/12/1990 11:00,639.57,483.99,791.96
6/12/1990 12:00,662.16,486.39,806.15
6/12/1990 13:00,670.07,440.1,741.22
6/12/1990 14:00,611.27,305.33,614.1
6/12/1990 15:00,445.14,215.99,426.51
6/12/1990 16:00,269.26,129.18,223.24
6/12/1990 17:00,26.074,9.7508,12.616
6/12/1990 18:00,0,0,0
6/12/1990 19:00,0,0,0
6/12/1990 20:00,0,0,0
6/12/1990 21:00,0,0,0
6/12/1990 22:00,0,0,0
6/12/1990 23:00,0,0,0
7/12/1990 0:00,0,0,0
7/12/1990 1:00,0,0,0
7/12/1990 2:00,0,0,0
7/12/1990 3:00,0,0,0
7/12/1990 4:00,0,0,0
7/12/1990 5:00,0,0,0
7/12/1990 6:00,0,0,0
7/12/1990 7:00,152.8,168.46,129.91
7/12/1990 8:00,368.09,383.98,299.42
7/12/1990 9:00,570.35,574.52,448.36
7/12/1990 10:00,719.91,730.1,522.75
7/12/1990 11:00,808.69,814.59,693.4
7/12/1990 12:00,819.08,815.17,706.82
7/12/1990 13:00,768.88,741.82,676.99
7/12/1990 14:00,649.16,626.06,540.16
7/12/1990 15:00,472.47,445.31,473.92
7/12/1990 16:00,256.6,233.09,263.6
7/12/1990 17:00,20.021,14.62,30.422
7/12/1990 18:00,0,0,0
7/12/1990 19:00,0,0,0
7/12/1990 20:00,0,0,0
7/12/1990 21:00,0,0,0
7/12/1990 22:00,0,0,0
7/12/1990 23:00,0,0,0
8/12/1990 0:00,0,0,0
8/12/1990 1:00,0,0,0
8/12/1990 2:00,0,0,0
8/12/1990 3:00,0,0,0
8/12/1990 4:00,0,0,0
8/12/1990 5:00,0,0,0
8/12/1990 6:00,0,0,0
8/12/1990 7:00,158.07,156.19,148.27
8/12/1990 8:00,377.76,345.99,331.24
8/12/1990 9:00,573.61,504.15,485.27
8/12/1990 10:00,730.05,718.38,636.73
8/12/1990 11:00,804.13,690.91,771.29
8/12/1990 12:00,803.85,681.54,783.19
8/12/1990 13:00,742.05,654.19,655.81
8/12/1990 14:00,623.69,522.29,533.62
8/12/1990 15:00,441.47,375.59,372.18
8/12/1990 16:00,233.08,166.07,173.26
8/12/1990 17:00,16.747,14.62,11.218
8/12/1990 18:00,0,0,0
8/12/1990 19:00,0,0,0
8/12/1990 20:00,0,0,0
8/12/1990 21:00,0,0,0
8/12/1990 22:00,0,0,0
8/12/1990 23:00,0,0,0
9/12/1990 0:00,0,0,0
9/12/1990 1:00,0,0,0
9/12/1990 2:00,0,0,0
9/12/1990 3:00,0,0,0
9/12/1990 4:00,0,0,0
9/12/1990 5:00,0,0,0
9/12/1990 6:00,0,0,0
9/12/1990 7:00,156.22,151.5,87.301
9/12/1990 8:00,350.8,328.41,104.19
9/12/1990 9:00,488.79,502.92,314.46
9/12/1990 10:00,555.4,745.96,428.65
9/12/1990 11:00,639.38,760.72,476.67
9/12/1990 12:00,706.29,733.2,699.97
9/12/1990 13:00,650.72,622.24,621.78
9/12/1990 14:00,474.46,410.1,326.55
9/12/1990 15:00,294.57,290.63,334.75
9/12/1990 16:00,117.62,143.21,234.06
9/12/1990 17:00,0,0,16.794
9/12/1990 18:00,0,0,0
9/12/1990 19:00,0,0,0
9/12/1990 20:00,0,0,0
9/12/1990 21:00,0,0,0
9/12/1990 22:00,0,0,0
9/12/1990 23:00,0,0,0
10/12/1990 0:00,0,0,0
10/12/1990 1:00,0,0,0
10/12/1990 2:00,0,0,0
10/12/1990 3:00,0,0,0
10/12/1990 4:00,0,0,0
10/12/1990 5:00,0,0,0
10/12/1990 6:00,0,0,0
10/12/1990 7:00,139.35,105.53,83.117
10/12/1990 8:00,336.54,274.39,187.54
10/12/1990 9:00,505.3,487.45,330.73
10/12/1990 10:00,672.4,339.79,419.59
10/12/1990 11:00,768.24,580.07,462.91
10/12/1990 12:00,763.59,725.91,467.31
10/12/1990 13:00,726.87,558.62,424.41
10/12/1990 14:00,612.28,491.74,302.94
10/12/1990 15:00,438.99,70.679,212.45
10/12/1990 16:00,239.47,18.6,122.52
10/12/1990 17:00,20.429,0,9.7181
10/12/1990 18:00,0,0,0
10/12/1990 19:00,0,0,0
10/12/1990 20:00,0,0,0
10/12/1990 21:00,0,0,0
10/12/1990 22:00,0,0,0
10/12/1990 23:00,0,0,0
11/12/1990 0:00,0,0,0
11/12/1990 1:00,0,0,0
11/12/1990 2:00,0,0,0
11/12/1990 3:00,0,0,0
11/12/1990 4:00,0,0,0
11/12/1990 5:00,0,0,0
11/12/1990 6:00,0,0,0
11/12/1990 7:00,121.59,84.832,135.33
11/12/1990 8:00,332.2,166.14,324.64
11/12/1990 9:00,324.02,249.57,498.5
11/12/1990 10:00,503.03,364.29,687.27
11/12/1990 11:00,465.73,419.45,708.57
11/12/1990 12:00,679.65,406.56,709.71
11/12/1990 13:00,635.4,440.8,669.32
11/12/1990 14:00,453.5,342.27,539.18
11/12/1990 15:00,224.68,233.94,377.88
11/12/1990 16:00,17.445,139.57,173.22
11/12/1990 17:00,0,11.05,15.103
11/12/1990 18:00,0,0,0
11/12/1990 19:00,0,0,0
11/12/1990 20:00,0,0,0
11/12/1990 21:00,0,0,0
11/12/1990 22:00,0,0,0
11/12/1990 23:00,0,0,0
12/12/1990 0:00,0,0,0
12/12/1990 1:00,0,0,0
12/12/1990 2:00,0,0,0
12/12/1990 3:00,0,0,0
12/12/1990 4:00,0,0,0
12/12/1990 5:00,0,0,0
12/12/1990 6:00,0,0,0
12/12/1990 7:00,111.89,138.7,139.61
12/12/1990 8:00,184.73,329.01,343.65
12/12/1990 9:00,371.91,561.36,524.09
12/12/1990 10:00,481.82,729.86,685.63
12/12/1990 11:00,601.51,758.03,780.07
12/12/1990 12:00,601.35,756.56,797.1
12/12/1990 13:00,518.85,681.06,734.21
12/12/1990 14:00,401.9,549.61,593.07
12/12/1990 15:00,423.13,375.9,414.46
12/12/1990 16:00,241.18,190.62,212.52
12/12/1990 17:00,28.257,15.031,15.794
12/12/1990 18:00,0,0,0
12/12/1990 19:00,0,0,0
12/12/1990 20:00,0,0,0
12/12/1990 21:00,0,0,0
12/12/1990 22:00,0,0,0
12/12/1990 23:00,0,0,0
13/12/90 00:00,0,0,0
13/12/90 01:00,0,0,0
13/12/90 02:00,0,0,0
13/12/90 03:00,0,0,0
13/12/90 04:00,0,0,0
13/12/90 05:00,0,0,0
13/12/90 06:00,0,0,0
13/12/90 07:00,135.98,155.85,135.82
13/12/90 08:00,331.73,372.06,336.12
13/12/90 09:00,512.82,569.52,519.04
13/12/90 10:00,650.99,714.34,686.72
13/12/90 11:00,722.41,791.29,755.28
13/12/90 12:00,745.76,798.21,778.05
13/12/90 13:00,697.11,734.93,725.1
13/12/90 14:00,592.62,612.66,596.3
13/12/90 15:00,437.75,434.28,416.15
13/12/90 16:00,235.91,221.57,209.03
13/12/90 17:00,23.294,14.619,17.487
13/12/90 18:00,0,0,0
13/12/90 19:00,0,0,0
13/12/90 20:00,0,0,0
13/12/90 21:00,0,0,0
13/12/90 22:00,0,0,0
13/12/90 23:00,0,0,0
14/12/90 00:00,0,0,0
14/12/90 01:00,0,0,0
14/12/90 02:00,0,0,0
14/12/90 03:00,0,0,0
14/12/90 04:00,0,0,0
14/12/90 05:00,0,0,0
14/12/90 06:00,0,0,0
14/12/90 07:00,137.09,160.61,155.01
14/12/90 08:00,349.18,376.62,378.65
14/12/90 09:00,548.92,576.84,585.59
14/12/90 10:00,700.9,707.95,733.99
14/12/90 11:00,802.11,784.01,819.21
14/12/90 12:00,825.46,798.11,834.79
14/12/90 13:00,773.49,740.61,762.55
14/12/90 14:00,647.35,615.05,629.11
14/12/90 15:00,461.58,435.17,439
14/12/90 16:00,243.39,224.87,225.8
14/12/90 17:00,20.122,14.225,14.512
14/12/90 18:00,0,0,0
14/12/90 19:00,0,0,0
14/12/90 20:00,0,0,0
14/12/90 21:00,0,0,0
14/12/90 22:00,0,0,0
14/12/90 23:00,0,0,0
15/12/90 00:00,0,0,0
15/12/90 01:00,0,0,0
15/12/90 02:00,0,0,0
15/12/90 03:00,0,0,0
15/12/90 04:00,0,0,0
15/12/90 05:00,0,0,0
15/12/90 06:00,0,0,0
15/12/90 07:00,104.14,144.66,125.69
15/12/90 08:00,333.73,359.89,315.25
15/12/90 09:00,496.21,545.46,486.61
15/12/90 10:00,650.7,701.2,615.35
15/12/90 11:00,700.32,792.17,733.87
15/12/90 12:00,661.48,809.27,749.27
15/12/90 13:00,629.72,747.4,731.8
15/12/90 14:00,502.26,600.12,624.85
15/12/90 15:00,400.99,412.33,435.38
15/12/90 16:00,234.93,209.68,224.48
15/12/90 17:00,22.407,13.04,21.748
15/12/90 18:00,0,0,0
15/12/90 19:00,0,0,0
15/12/90 20:00,0,0,0
15/12/90 21:00,0,0,0
15/12/90 22:00,0,0,0
15/12/90 23:00,0,0,0
16/12/90 00:00,0,0,0
16/12/90 01:00,0,0,0
16/12/90 02:00,0,0,0
16/12/90 03:00,0,0,0
16/12/90 04:00,0,0,0
16/12/90 05:00,0,0,0
16/12/90 06:00,0,0,0
16/12/90 07:00,64.714,140.56,104.82
16/12/90 08:00,158.15,345.42,207.95
16/12/90 09:00,241.89,533.38,338.32
16/12/90 10:00,312.45,682.42,734.04
16/12/90 11:00,374.39,751.25,641.52
16/12/90 12:00,388.4,773.73,554.46
16/12/90 13:00,391.06,719.75,365.19
16/12/90 14:00,307.78,603.51,47.9
16/12/90 15:00,215.72,445.11,33.746
16/12/90 16:00,112.05,226.97,17.382
16/12/90 17:00,10.901,17.219,0
16/12/90 18:00,0,0,0
16/12/90 19:00,0,0,0
16/12/90 20:00,0,0,0
16/12/90 21:00,0,0,0
16/12/90 22:00,0,0,0
16/12/90 23:00,0,0,0
17/12/90 00:00,0,0,0
17/12/90 01:00,0,0,0
17/12/90 02:00,0,0,0
17/12/90 03:00,0,0,0
17/12/90 04:00,0,0,0
17/12/90 05:00,0,0,0
17/12/90 06:00,0,0,0
17/12/90 07:00,79.284,100.12,75.73
17/12/90 08:00,179.5,131.44,203.71
17/12/90 09:00,239.59,199.01,364.66
17/12/90 10:00,368.34,313.51,264.95
17/12/90 11:00,422.16,661.64,445.52
17/12/90 12:00,359.01,526.93,555.02
17/12/90 13:00,343.84,234.43,433.17
17/12/90 14:00,232.91,512.72,381.54
17/12/90 15:00,157.52,415.15,62.049
17/12/90 16:00,70.321,108.44,19.18
17/12/90 17:00,0,11.642,0
17/12/90 18:00,0,0,0
17/12/90 19:00,0,0,0
17/12/90 20:00,0,0,0
17/12/90 21:00,0,0,0
17/12/90 22:00,0,0,0
17/12/90 23:00,0,0,0
18/12/90 00:00,0,0,0
18/12/90 01:00,0,0,0
18/12/90 02:00,0,0,0
18/12/90 03:00,0,0,0
18/12/90 04:00,0,0,0
18/12/90 05:00,0,0,0
18/12/90 06:00,0,0,0
18/12/90 07:00,124.18,69.089,135.76
18/12/90 08:00,311.69,209.42,339.89
18/12/90 09:00,504.23,302.91,533.8
18/12/90 10:00,645.8,465.4,686.97
18/12/90 11:00,750.61,454.2,777.98
18/12/90 12:00,795.63,424.44,794.3
18/12/90 13:00,696.12,331.77,755.19
18/12/90 14:00,578.9,228.23,610.4
18/12/90 15:00,423.96,183.47,440.42
18/12/90 16:00,243.92,96.874,236.01
18/12/90 17:00,23.191,0,19.869
18/12/90 18:00,0,0,0
18/12/90 19:00,0,0,0
18/12/90 20:00,0,0,0
18/12/90 21:00,0,0,0
18/12/90 22:00,0,0,0
18/12/90 23:00,0,0,0
19/12/90 00:00,0,0,0
19/12/90 01:00,0,0,0
19/12/90 02:00,0,0,0
19/12/90 03:00,0,0,0
19/12/90 04:00,0,0,0
19/12/90 05:00,0,0,0
19/12/90 06:00,0,0,0
19/12/90 07:00,95.364,153.19,104.31
19/12/90 08:00,270.09,374.13,252.94
19/12/90 09:00,441.2,581.01,286.33
19/12/90 10:00,589.74,741.97,356.22
19/12/90 11:00,655.62,829.84,427.17
19/12/90 12:00,659.3,847.82,394.53
19/12/90 13:00,653.13,781.43,221.11
19/12/90 14:00,540.79,645.15,231.96
19/12/90 15:00,398.81,463.47,49.301
19/12/90 16:00,215.08,237.86,19.378
19/12/90 17:00,24.385,16.413,0
19/12/90 18:00,0,0,0
19/12/90 19:00,0,0,0
19/12/90 20:00,0,0,0
19/12/90 21:00,0,0,0
19/12/90 22:00,0,0,0
19/12/90 23:00,0,0,0
20/12/90 00:00,0,0,0
20/12/90 01:00,0,0,0
20/12/90 02:00,0,0,0
20/12/90 03:00,0,0,0
20/12/90 04:00,0,0,0
20/12/90 05:00,0,0,0
20/12/90 06:00,0,0,0
20/12/90 07:00,9.5125,50.273,93.201
20/12/90 08:00,133.45,218.81,127.12
20/12/90 09:00,194.47,182.48,192.63
20/12/90 10:00,273.9,400.21,303.31
20/12/90 11:00,434.96,441.31,639.46
20/12/90 12:00,488.6,290.88,511.9
20/12/90 13:00,488.62,169.04,227.39
20/12/90 14:00,610.04,328.29,501.37
20/12/90 15:00,485.64,123.37,407.11
20/12/90 16:00,222.45,156.19,109.5
20/12/90 17:00,19.235,7.3661,12.62
20/12/90 18:00,0,0,0
20/12/90 19:00,0,0,0
20/12/90 20:00,0,0,0
20/12/90 21:00,0,0,0
20/12/90 22:00,0,0,0
20/12/90 23:00,0,0,0
21/12/90 00:00,0,0,0
21/12/90 01:00,0,0,0
21/12/90 02:00,0,0,0
21/12/90 03:00,0,0,0
21/12/90 04:00,0,0,0
21/12/90 05:00,0,0,0
21/12/90 06:00,0,0,0
21/12/90 07:00,100.54,97.038,126.41
21/12/90 08:00,287.35,214.42,328.5
21/12/90 09:00,436.37,338.06,526.9
21/12/90 10:00,563.74,436.99,685.88
21/12/90 11:00,677.36,493.25,751.87
21/12/90 12:00,673.7,508.76,761.84
21/12/90 13:00,626.45,426.82,710.83
21/12/90 14:00,526.82,312,602.93
21/12/90 15:00,368.89,167.12,424.13
21/12/90 16:00,212.79,80.342,215.26
21/12/90 17:00,24.692,0,19.082
21/12/90 18:00,0,0,0
21/12/90 19:00,0,0,0
21/12/90 20:00,0,0,0
21/12/90 21:00,0,0,0
21/12/90 22:00,0,0,0
21/12/90 23:00,0,0,0
22/12/90 00:00,0,0,0
22/12/90 01:00,0,0,0
22/12/90 02:00,0,0,0
22/12/90 03:00,0,0,0
22/12/90 04:00,0,0,0
22/12/90 05:00,0,0,0
22/12/90 06:00,0,0,0
22/12/90 07:00,118.61,144.43,67.491
22/12/90 08:00,318.74,350.36,325.46
22/12/90 09:00,518.86,566.46,245.85
22/12/90 10:00,674.77,708.49,598.59
22/12/90 11:00,772.77,785.19,663.88
22/12/90 12:00,810.51,807.57,408.86
22/12/90 13:00,786.03,743.31,199.01
22/12/90 14:00,657.17,628.12,487.45
22/12/90 15:00,474.87,452.62,156.55
22/12/90 16:00,257.32,233.98,239.67
22/12/90 17:00,27.164,18.502,10.723
22/12/90 18:00,0,0,0
22/12/90 19:00,0,0,0
22/12/90 20:00,0,0,0
22/12/90 21:00,0,0,0
22/12/90 22:00,0,0,0
22/12/90 23:00,0,0,0
23/12/90 00:00,0,0,0
23/12/90 01:00,0,0,0
23/12/90 02:00,0,0,0
23/12/90 03:00,0,0,0
23/12/90 04:00,0,0,0
23/12/90 05:00,0,0,0
23/12/90 06:00,0,0,0
23/12/90 07:00,28.049,96.742,73.273
23/12/90 08:00,239.18,240.78,178.83
23/12/90 09:00,272.91,389.25,344.53
23/12/90 10:00,251.39,515.61,422.88
23/12/90 11:00,174.58,458.89,423.82
23/12/90 12:00,701.45,500.18,427.23
23/12/90 13:00,450.88,495.91,317.3
23/12/90 14:00,319.39,447.26,250.22
23/12/90 15:00,67.442,291.32,212.88
23/12/90 16:00,95.239,147.75,92.222
23/12/90 17:00,0,16.314,0
23/12/90 18:00,0,0,0
23/12/90 19:00,0,0,0
23/12/90 20:00,0,0,0
23/12/90 21:00,0,0,0
23/12/90 22:00,0,0,0
23/12/90 23:00,0,0,0
24/12/90 00:00,0,0,0
24/12/90 01:00,0,0,0
24/12/90 02:00,0,0,0
24/12/90 03:00,0,0,0
24/12/90 04:00,0,0,0
24/12/90 05:00,0,0,0
24/12/90 06:00,0,0,0
24/12/90 07:00,91.226,67.905,118.16
24/12/90 08:00,276.82,173.61,270.94
24/12/90 09:00,374.58,257.95,427.94
24/12/90 10:00,515.27,339.85,556.27
24/12/90 11:00,695.7,378.67,629.75
24/12/90 12:00,672.89,406.97,651.72
24/12/90 13:00,436.78,361.8,541.14
24/12/90 14:00,168.57,321.39,388.47
24/12/90 15:00,108.65,218.57,197.82
24/12/90 16:00,22.302,117.71,95.503
24/12/90 17:00,0,11.938,0
24/12/90 18:00,0,0,0
24/12/90 19:00,0,0,0
24/12/90 20:00,0,0,0
24/12/90 21:00,0,0,0
24/12/90 22:00,0,0,0
24/12/90 23:00,0,0,0
25/12/90 00:00,0,0,0
25/12/90 01:00,0,0,0
25/12/90 02:00,0,0,0
25/12/90 03:00,0,0,0
25/12/90 04:00,0,0,0
25/12/90 05:00,0,0,0
25/12/90 06:00,0,0,0
25/12/90 07:00,101.14,97.822,69.592
25/12/90 08:00,234,250.01,176.74
25/12/90 09:00,376.36,400.14,285.41
25/12/90 10:00,534.51,483.46,376.06
25/12/90 11:00,738.62,595.12,364.77
25/12/90 12:00,746.27,588.05,388.71
25/12/90 13:00,664.86,539.05,378.08
25/12/90 14:00,564.82,453.16,332.83
25/12/90 15:00,328.04,310.21,223.75
25/12/90 16:00,109.36,165.68,115.27
25/12/90 17:00,0,16.018,12.817
25/12/90 18:00,0,0,0
25/12/90 19:00,0,0,0
25/12/90 20:00,0,0,0
25/12/90 21:00,0,0,0
25/12/90 22:00,0,0,0
25/12/90 23:00,0,0,0
26/12/90 00:00,0,0,0
26/12/90 01:00,0,0,0
26/12/90 02:00,0,0,0
26/12/90 03:00,0,0,0
26/12/90 04:00,0,0,0
26/12/90 05:00,0,0,0
26/12/90 06:00,0,0,0
26/12/90 07:00,18.127,104.7,69.861
26/12/90 08:00,49.775,297.5,181.04
26/12/90 09:00,102.39,538.56,270.55
26/12/90 10:00,144.35,487.95,357.89
26/12/90 11:00,163.63,426.94,399.08
26/12/90 12:00,171.6,328.58,431.1
26/12/90 13:00,168.9,159.36,384.33
26/12/90 14:00,132.6,302.32,342.48
26/12/90 15:00,96.327,40.616,232.92
26/12/90 16:00,52.648,26.874,125.99
26/12/90 17:00,0,21.2,13.41
26/12/90 18:00,0,0,0
26/12/90 19:00,0,0,0
26/12/90 20:00,0,0,0
26/12/90 21:00,0,0,0
26/12/90 22:00,0,0,0
26/12/90 23:00,0,0,0
27/12/90 00:00,0,0,0
27/12/90 01:00,0,0,0
27/12/90 02:00,0,0,0
27/12/90 03:00,0,0,0
27/12/90 04:00,0,0,0
27/12/90 05:00,0,0,0
27/12/90 06:00,0,0,0
27/12/90 07:00,112.65,61.813,120.24
27/12/90 08:00,316.75,164.84,354.91
27/12/90 09:00,503.35,295.61,625.18
27/12/90 10:00,659.77,382.14,591.58
27/12/90 11:00,770.67,413.74,510.95
27/12/90 12:00,778.95,416.35,382.85
27/12/90 13:00,710.43,395.56,161.92
27/12/90 14:00,608.27,349.78,357.4
27/12/90 15:00,466.77,260.75,41.623
27/12/90 16:00,257.74,147.94,22.671
27/12/90 17:00,29.449,17.021,27.117
27/12/90 18:00,0,0,0
27/12/90 19:00,0,0,0
27/12/90 20:00,0,0,0
27/12/90 21:00,0,0,0
27/12/90 22:00,0,0,0
27/12/90 23:00,0,0,0
28/12/90 00:00,0,0,0
28/12/90 01:00,0,0,0
28/12/90 02:00,0,0,0
28/12/90 03:00,0,0,0
28/12/90 04:00,0,0,0
28/12/90 05:00,0,0,0
28/12/90 06:00,0,0,0
28/12/90 07:00,30.814,90.131,75.214
28/12/90 08:00,178.5,188.46,205.11
28/12/90 09:00,379.33,357.49,374.32
28/12/90 10:00,559.33,438.29,489.75
28/12/90 11:00,503.99,496.26,533.67
28/12/90 12:00,320.16,411.07,538.61
28/12/90 13:00,245.17,410.54,511.62
28/12/90 14:00,167.37,326.78,450.63
28/12/90 15:00,35.707,232.53,333.28
28/12/90 16:00,104.39,100.07,186.34
28/12/90 17:00,26.873,0,22.055
28/12/90 18:00,0,0,0
28/12/90 19:00,0,0,0
28/12/90 20:00,0,0,0
28/12/90 21:00,0,0,0
28/12/90 22:00,0,0,0
28/12/90 23:00,0,0,0
29/12/90 00:00,0,0,0
29/12/90 01:00,0,0,0
29/12/90 02:00,0,0,0
29/12/90 03:00,0,0,0
29/12/90 04:00,0,0,0
29/12/90 05:00,0,0,0
29/12/90 06:00,0,0,0
29/12/90 07:00,110.78,104.09,116.03
29/12/90 08:00,323.93,211.93,284.16
29/12/90 09:00,476.79,310.2,497.61
29/12/90 10:00,620.29,482.57,633.11
29/12/90 11:00,628.52,459.99,720.81
29/12/90 12:00,496.51,623.14,675.19
29/12/90 13:00,318.16,621.35,649.84
29/12/90 14:00,420.5,506.24,533.12
29/12/90 15:00,158.92,265.26,380.07
29/12/90 16:00,24.688,104.94,186.06
29/12/90 17:00,0,0,15.995
29/12/90 18:00,0,0,0
29/12/90 19:00,0,0,0
29/12/90 20:00,0,0,0
29/12/90 21:00,0,0,0
29/12/90 22:00,0,0,0
29/12/90 23:00,0,0,0
30/12/90 00:00,0,0,0
30/12/90 01:00,0,0,0
30/12/90 02:00,0,0,0
30/12/90 03:00,0,0,0
30/12/90 04:00,0,0,0
30/12/90 05:00,0,0,0
30/12/90 06:00,0,0,0
30/12/90 07:00,76.562,113.36,126.55
30/12/90 08:00,241.04,298.98,339.52
30/12/90 09:00,404.92,494.01,542.59
30/12/90 10:00,567.84,637.31,693.92
30/12/90 11:00,654.03,738.14,784.54
30/12/90 12:00,669.8,787.62,787.43
30/12/90 13:00,631.07,729.14,732.68
30/12/90 14:00,541.72,621.75,617.56
30/12/90 15:00,384.19,437.96,436.6
30/12/90 16:00,208.14,227.6,231.58
30/12/90 17:00,26.277,22.384,22.057
30/12/90 18:00,0,0,0
30/12/90 19:00,0,0,0
30/12/90 20:00,0,0,0
30/12/90 21:00,0,0,0
30/12/90 22:00,0,0,0
30/12/90 23:00,0,0,0
31/12/90 00:00,0,0,0
31/12/90 01:00,0,0,0
31/12/90 02:00,0,0,0
31/12/90 03:00,0,0,0
31/12/90 04:00,0,0,0
31/12/90 05:00,0,0,0
31/12/90 06:00,0,0,0
31/12/90 07:00,80.263,128.4,115.2
31/12/90 08:00,284.3,352.07,317.45
31/12/90 09:00,530.15,548.79,514.48
31/12/90 10:00,641.73,702.99,667.1
31/12/90 11:00,730.94,781.51,772.68
31/12/90 12:00,707.88,793.23,792.04
31/12/90 13:00,639.25,749.42,751.02
31/12/90 14:00,538.24,639.65,639.77
31/12/90 15:00,369.83,474.39,458.74
31/12/90 16:00,236.32,257.39,251.19
31/12/90 17:00,53.573,25.182,25.334
31/12/90 18:00,0,0,0
31/12/90 19:00,0,0,0
31/12/90 20:00,0,0,0
31/12/90 21:00,0,0,0
31/12/90 22:00,0,0,0
31/12/90 23:00,0,0,0
